businessName,category,industry,description,city,state,country,address,location,googleMapsUrl,website,businessSize,status,leadScore,scoreReason,detectedProblem,suggestedSolution,solutionNeeded,suggestedService,suggestedPitch,opportunityType,businessOpportunity,whyThisLead,leadIntelCategory,buyingIntent,intentScore,projectType,postedAt,postUrl,postPlatform,postAuthor,postAuthorRole,postTextSummary,requirementSummary,businessValue,contactName,contactRole,phone,whatsApp,email,linkedIn,instagram,facebook,sourceType,sourceUrl,websiteStatus,nextFollowUpAt
Vivek Estates,,Real Estate,,Chennai,Tamil Nadu,India,"AL-75, 11th Main Road, Anna Nagar","Chennai, Tamil Nadu",,,,NEW,99,No public website found. Real estate — lead capture and listing UX matter,No public website found; Real estate — lead capture and listing UX matter,"Property listing site with filters, map, and lead capture integrated to CRM.","Property listing site with filters, map, and lead capture integrated to CRM.",New business website + WhatsApp enquiry funnel,You already have demand in Chennai — a focused site with clear CTAs could convert more enquiries without extra ad spend.,,New business website + WhatsApp enquiry funnel,Vivek Estates (Chennai) shows a concrete digital gap: No public website found; Real estate — lead capture and listing UX matter A focused build could turn existing demand into booked enquiries without extra ad spend.,BUSINESS_OPPORTUNITY,MEDIUM,0,BUSINESS_WEBSITE,,,,,,,,,,,+919841051427,+919841051427,nvrravi@gmail.com,,,,DIRECTORY,https://www.jupiteryellowdetail.com/search-by-listings/real-estate-agencies-and-brokers-/anna-nagar-/vivek-estates/34594.jws,,
The Wedding Experience,,Wedding Planning,,Chennai,Tamil Nadu,India,"2nd Floor, Plot 321, E 4th Main Rd",ECR / Tiruvanmiyur,,,,NEW,97,No public website found. Events — portfolio and enquiry funnels drive bookings,Strong reviews but booking via Instagram — no owned website,"New business website with service pages, portfolio, enquiry form and WhatsApp integration.","New business website with service pages, portfolio, enquiry form and WhatsApp integration.",New business website + WhatsApp enquiry funnel,You already have demand in Chennai — a focused site with clear CTAs could convert more enquiries without extra ad spend.,WEBSITE,New business website + WhatsApp enquiry funnel,The Wedding Experience (Chennai) shows a concrete digital gap: Strong reviews but booking via Instagram — no owned website A focused build could turn existing demand into booked enquiries without extra ad spend.,BUSINESS_OPPORTUNITY,MEDIUM,0,SMALL_WEBSITE,,,,,,,,,,,+919867018889,+919867018889,info@theweddingexperience.in,,,,GOOGLE_MAPS,https://exa.ai/library/place/2dy8ml2ch41,,
Vimal Car Garage,,Automobile Service,,Chennai,Tamil Nadu,India,"2-B Redhills Road, Kallikuppam, Ambattur","Chennai, Tamil Nadu",,,,NEW,97,No public website found. Auto workshop — booking/tracking sites convert walk-ins,Strong local garage but discovery via Sulekha — needs owned booking site,"New business website with service pages, portfolio, enquiry form and WhatsApp integration.","New business website with service pages, portfolio, enquiry form and WhatsApp integration.",New business website + WhatsApp enquiry funnel,You already have demand in Chennai — a focused site with clear CTAs could convert more enquiries without extra ad spend.,,New business website + WhatsApp enquiry funnel,Vimal Car Garage (Chennai) shows a concrete digital gap: Strong local garage but discovery via Sulekha — needs owned booking site A focused build could turn existing demand into booked enquiries without extra ad spend.,BUSINESS_OPPORTUNITY,MEDIUM,0,SMALL_WEBSITE,,,,,,,,,,,+919941168061,+919941168061,vimalcargarge@gmail.com,,,,DIRECTORY,https://www.sulekha.com/vimal-car-garage-ambattur-chennai-contact-address,,
Krisna Boys Hostel,,PG / Hostel,,Chennai,Tamil Nadu,India,"96, 9th Main Rd, Shanthi Colony, Anna Nagar","Chennai, Tamil Nadu",,,,NEW,96,No public website found. PG/hostel — booking/enquiry systems are often manual,Active PG with reviews but no owned website found,"PG listing site with room availability, enquiry CRM, and tenant onboarding.","PG listing site with room availability, enquiry CRM, and tenant onboarding.",New business website + WhatsApp enquiry funnel,You already have demand in Chennai — a focused site with clear CTAs could convert more enquiries without extra ad spend.,,New business website + WhatsApp enquiry funnel,Krisna Boys Hostel (Chennai) shows a concrete digital gap: Active PG with reviews but no owned website found A focused build could turn existing demand into booked enquiries without extra ad spend.,BUSINESS_OPPORTUNITY,MEDIUM,0,BUSINESS_WEB_APP,,,,,,,,,,,+919381730936,+919381730936,,,,,GOOGLE_MAPS,https://exa.ai/library/place/mr5wvqg2y2z,,
Second Home PG,,PG / Hostel,,Chennai,Tamil Nadu,India,"AP-656, H Block, 13th Main road, 11th St, Anna Nagar West",Anna Nagar West,,,,NEW,96,No public website found. PG/hostel — booking/enquiry systems are often manual,Active PG with reviews but no owned website listed,"PG listing site with room availability, enquiry CRM, and tenant onboarding.","PG listing site with room availability, enquiry CRM, and tenant onboarding.",New business website + WhatsApp enquiry funnel,You already have demand in Chennai — a focused site with clear CTAs could convert more enquiries without extra ad spend.,,New business website + WhatsApp enquiry funnel,Second Home PG (Chennai) shows a concrete digital gap: Active PG with reviews but no owned website listed A focused build could turn existing demand into booked enquiries without extra ad spend.,BUSINESS_OPPORTUNITY,MEDIUM,0,BUSINESS_WEB_APP,,,,,,,,,,,+919004725890,+919004725890,,,,,GOOGLE_MAPS,https://exa.ai/library/place/q59h2221h2z,,
Absolute Interiors,Interior Designer,Interior Designer,,Chennai,Tamil Nadu,India,"20B, Perumal Kovil, State of Tamil Nādu 600095, IN",Chennai,,,,NEW,94,No public website found. Interior — portfolio and lead funnel drive projects,No public website found; Interior — portfolio and lead funnel drive projects,"Portfolio website with project galleries, testimonials, and structured enquiry funnel.","Portfolio website with project galleries, testimonials, and structured enquiry funnel.",New business website + WhatsApp enquiry funnel,You already have demand in Chennai — a focused site with clear CTAs could convert more enquiries without extra ad spend.,WEBSITE,New business website + WhatsApp enquiry funnel,Absolute Interiors (Chennai) shows a concrete digital gap: No public website found; Interior — portfolio and lead funnel drive projects A focused build could turn existing demand into booked enquiries without extra ad spend.,BUSINESS_OPPORTUNITY,MEDIUM,0,WEBSITE_REDESIGN,,,,,,,,,,,+919940640596,+919940640596,,,,,GOOGLE_MAPS,https://exa.ai/library/places,,
Akka Kadai,,Restaurant,,Chennai,Tamil Nadu,India,"No.4, IAF Rd, East Tambaram",Tambaram,,,,NEW,94,No public website found. F&B — online menu/ordering often missing,Popular fast-food spot — digital menu/ordering opportunity,"Menu-led website with online ordering or enquiry, plus Google/WhatsApp CTAs.","Menu-led website with online ordering or enquiry, plus Google/WhatsApp CTAs.",New business website + WhatsApp enquiry funnel,You already have demand in Chennai — a focused site with clear CTAs could convert more enquiries without extra ad spend.,,New business website + WhatsApp enquiry funnel,Akka Kadai (Chennai) shows a concrete digital gap: Popular fast-food spot — digital menu/ordering opportunity A focused build could turn existing demand into booked enquiries without extra ad spend.,BUSINESS_OPPORTUNITY,MEDIUM,0,ECOMMERCE,,,,,,,,,,,+917397260842,+917397260842,,,,,GOOGLE_MAPS,https://exa.ai/library/place/pl53f158vzf,,
Chennai Hot Jobs,,Recruitment Agency,,Chennai,Tamil Nadu,India,"AG Block, 7th Main Road, Shanthi Colony, Anna Nagar","Chennai, Tamil Nadu",,,,NEW,94,No public website found. Recruitment — candidate/client portals are high value,Recruitment shop — no modern candidate portal evident,"New business website with service pages, portfolio, enquiry form and WhatsApp integration.","New business website with service pages, portfolio, enquiry form and WhatsApp integration.",New business website + WhatsApp enquiry funnel,You already have demand in Chennai — a focused site with clear CTAs could convert more enquiries without extra ad spend.,,New business website + WhatsApp enquiry funnel,Chennai Hot Jobs (Chennai) shows a concrete digital gap: Recruitment shop — no modern candidate portal evident A focused build could turn existing demand into booked enquiries without extra ad spend.,BUSINESS_OPPORTUNITY,MEDIUM,0,SMALL_WEBSITE,,,,,,,,,,,+914443518665,+914443518665,,,,,GOOGLE_MAPS,https://exa.ai/library/place/9c88tv883l1,,
Cliqodent Dental Office,,Dental Clinic,,Chennai,Tamil Nadu,India,"45, A block, 3rd Avenue, Anna Nagar","Chennai, Tamil Nadu",,,,NEW,94,No public website found. Healthcare — appointment/enquiry flows are high value,Highly rated clinic — no website in public listing,"Appointment booking flow with service pages, reminders, and admin dashboard.","Appointment booking flow with service pages, reminders, and admin dashboard.",New business website + WhatsApp enquiry funnel,You already have demand in Chennai — a focused site with clear CTAs could convert more enquiries without extra ad spend.,WEBSITE,New business website + WhatsApp enquiry funnel,Cliqodent Dental Office (Chennai) shows a concrete digital gap: Highly rated clinic — no website in public listing A focused build could turn existing demand into booked enquiries without extra ad spend.,BUSINESS_OPPORTUNITY,MEDIUM,0,BUSINESS_WEB_APP,,,,,,,,,,,+919600068206,+919600068206,,,,,GOOGLE_MAPS,https://exa.ai/library/places?q=f63ae04b1630b28f,,
Devas Consultancy,,Recruitment Agency,,Chennai,Tamil Nadu,India,"C-47, 1st Floor, Anna Nagar Plaza, 2nd Avenue, Anna Nagar","Chennai, Tamil Nadu",,,,NEW,94,No public website found. Recruitment — candidate/client portals are high value,Directory-only presence — opportunity for careers microsite,"New business website with service pages, portfolio, enquiry form and WhatsApp integration.","New business website with service pages, portfolio, enquiry form and WhatsApp integration.",New business website + WhatsApp enquiry funnel,You already have demand in Chennai — a focused site with clear CTAs could convert more enquiries without extra ad spend.,,New business website + WhatsApp enquiry funnel,Devas Consultancy (Chennai) shows a concrete digital gap: Directory-only presence — opportunity for careers microsite A focused build could turn existing demand into booked enquiries without extra ad spend.,BUSINESS_OPPORTUNITY,MEDIUM,0,SMALL_WEBSITE,,,,,,,,,,,+914445500215,+914445500215,,,,,DIRECTORY,https://www.jupiteryellowdetail.com/chennai/search-by-listings/recruitment-agency-/anna-nagar-/devas-consultancy/51191.jws,,
EDS Placements Pvt Ltd,,Recruitment Agency,,Chennai,Tamil Nadu,India,"46/101/2, 2nd Ave, Block W, Anna Nagar","Chennai, Tamil Nadu",,,,NEW,94,No public website found. Recruitment — candidate/client portals are high value,Employment agency with phone listing — no public website found,"New business website with service pages, portfolio, enquiry form and WhatsApp integration.","New business website with service pages, portfolio, enquiry form and WhatsApp integration.",New business website + WhatsApp enquiry funnel,You already have demand in Chennai — a focused site with clear CTAs could convert more enquiries without extra ad spend.,,New business website + WhatsApp enquiry funnel,EDS Placements Pvt Ltd (Chennai) shows a concrete digital gap: Employment agency with phone listing — no public website found A focused build could turn existing demand into booked enquiries without extra ad spend.,BUSINESS_OPPORTUNITY,MEDIUM,0,SMALL_WEBSITE,,,,,,,,,,,+914442612288,+914442612288,,,,,GOOGLE_MAPS,https://exa.ai/library/place/hcp4btrw4s6,,
Genuine Property Consultant,,Real Estate,,Chennai,Tamil Nadu,India,"No G9, 5B, 2nd Ave, near Tower Park, Anna Nagar","Chennai, Tamil Nadu",,,,NEW,94,No public website found. Real estate — lead capture and listing UX matter,Rated agency with phone — no website in listing,"Property listing site with filters, map, and lead capture integrated to CRM.","Property listing site with filters, map, and lead capture integrated to CRM.",New business website + WhatsApp enquiry funnel,You already have demand in Chennai — a focused site with clear CTAs could convert more enquiries without extra ad spend.,,New business website + WhatsApp enquiry funnel,Genuine Property Consultant (Chennai) shows a concrete digital gap: Rated agency with phone — no website in listing A focused build could turn existing demand into booked enquiries without extra ad spend.,BUSINESS_OPPORTUNITY,MEDIUM,0,BUSINESS_WEBSITE,,,,,,,,,,,+919884851146,+919884851146,,,,,GOOGLE_MAPS,https://exa.ai/library/places?q=3a63a9a141bad06d,,
Hotspot Restaurant,,Restaurant,,Chennai,Tamil Nadu,India,"New Market Nagar, Tambaram",Tambaram,,,,NEW,94,No public website found. F&B — online menu/ordering often missing,Local restaurant — no website or online ordering,"Menu-led website with online ordering or enquiry, plus Google/WhatsApp CTAs.","Menu-led website with online ordering or enquiry, plus Google/WhatsApp CTAs.",New business website + WhatsApp enquiry funnel,You already have demand in Chennai — a focused site with clear CTAs could convert more enquiries without extra ad spend.,WEBSITE,New business website + WhatsApp enquiry funnel,Hotspot Restaurant (Chennai) shows a concrete digital gap: Local restaurant — no website or online ordering A focused build could turn existing demand into booked enquiries without extra ad spend.,BUSINESS_OPPORTUNITY,MEDIUM,0,ECOMMERCE,,,,,,,,,,,+919500115209,+919500115209,,,,,GOOGLE_MAPS,https://exa.ai/library/place/40np0d76rr1,,
JMJ Estates,,Real Estate,,Chennai,Tamil Nadu,India,"731 W-Block, 4th Street, Anna Nagar West Extension","Chennai, Tamil Nadu",,,,NEW,94,No public website found. Real estate — lead capture and listing UX matter,No public website found; Real estate — lead capture and listing UX matter,"Property listing site with filters, map, and lead capture integrated to CRM.","Property listing site with filters, map, and lead capture integrated to CRM.",New business website + WhatsApp enquiry funnel,You already have demand in Chennai — a focused site with clear CTAs could convert more enquiries without extra ad spend.,,New business website + WhatsApp enquiry funnel,JMJ Estates (Chennai) shows a concrete digital gap: No public website found; Real estate — lead capture and listing UX matter A focused build could turn existing demand into booked enquiries without extra ad spend.,BUSINESS_OPPORTUNITY,MEDIUM,0,BUSINESS_WEBSITE,,,,,,,,,,,+919884198831,+919884198831,,,,,DIRECTORY,https://www.jupiteryellowdetail.com/search-by-listings/real-estate-builders-and-developers-/anna-nagar-west-extension-/jmj-estates/14358.jws,,
Vaigai Real Estate,,Real Estate,,Chennai,Tamil Nadu,India,"82, 4th Main Rd, Anna Nagar","Chennai, Tamil Nadu",,,,NEW,94,No public website found. Real estate — lead capture and listing UX matter,Local broker — no owned site listed,"Property listing site with filters, map, and lead capture integrated to CRM.","Property listing site with filters, map, and lead capture integrated to CRM.",New business website + WhatsApp enquiry funnel,You already have demand in Chennai — a focused site with clear CTAs could convert more enquiries without extra ad spend.,,New business website + WhatsApp enquiry funnel,Vaigai Real Estate (Chennai) shows a concrete digital gap: Local broker — no owned site listed A focused build could turn existing demand into booked enquiries without extra ad spend.,BUSINESS_OPPORTUNITY,MEDIUM,0,BUSINESS_WEBSITE,,,,,,,,,,,+919840721630,+919840721630,,,,,GOOGLE_MAPS,https://exa.ai/library/place/p6p9jxz2jq2,,
ApjXpress Couriers,,Logistics,,Chennai,Tamil Nadu,India,"Alandur Rd, SIDCO Industrial Estate, Guindy",Guindy,,,,NEW,92,No public website found. Logistics — customer tracking and enquiry portals add value,Growing courier — no customer tracking portal listed,"New business website with service pages, portfolio, enquiry form and WhatsApp integration.","New business website with service pages, portfolio, enquiry form and WhatsApp integration.",New business website + WhatsApp enquiry funnel,You already have demand in Chennai — a focused site with clear CTAs could convert more enquiries without extra ad spend.,WEB_APPLICATION,New business website + WhatsApp enquiry funnel,ApjXpress Couriers (Chennai) shows a concrete digital gap: Growing courier — no customer tracking portal listed A focused build could turn existing demand into booked enquiries without extra ad spend.,BUSINESS_OPPORTUNITY,MEDIUM,0,SMALL_WEBSITE,,,,,,,,,,,+919205350535,+919205350535,,,,,GOOGLE_MAPS,https://exa.ai/library/place/kdtgmlq4866,,
Bobby Auto Works,Automotive Repair Shop,Automotive Repair Shop,,Chennai,Tamil Nadu,India,"33, Ambattur Red Hills Rd, State of Tamil Nādu 600053, IN","Ambattur, Chennai",,,,NEW,92,No public website found. Auto workshop — booking/tracking sites convert walk-ins,No public website found; Auto workshop — booking/tracking sites convert walk-ins,"New business website with service pages, portfolio, enquiry form and WhatsApp integration.","New business website with service pages, portfolio, enquiry form and WhatsApp integration.",New business website + WhatsApp enquiry funnel,You already have demand in Chennai — a focused site with clear CTAs could convert more enquiries without extra ad spend.,WEBSITE,New business website + WhatsApp enquiry funnel,Bobby Auto Works (Chennai) shows a concrete digital gap: No public website found; Auto workshop — booking/tracking sites convert walk-ins A focused build could turn existing demand into booked enquiries without extra ad spend.,BUSINESS_OPPORTUNITY,MEDIUM,0,SMALL_WEBSITE,,,,,,,,,,,+914426581344,+914426581344,,,,,GOOGLE_MAPS,https://exa.ai/library/places,,
"CVI Car cliniq - best car mechanic near ambattur, General service, waterwash, water wash, detailing, scanning.",Automotive Repair Shop,Automotive Repair Shop,,Chennai,Tamil Nadu,India,"No 182/1, Service Road, State of Tamil Nādu 600053, IN",Chennai,,,,NEW,92,No public website found. Auto workshop — booking/tracking sites convert walk-ins,No public website found; Auto workshop — booking/tracking sites convert walk-ins,"New business website with service pages, portfolio, enquiry form and WhatsApp integration.","New business website with service pages, portfolio, enquiry form and WhatsApp integration.",New business website + WhatsApp enquiry funnel,You already have demand in Chennai — a focused site with clear CTAs could convert more enquiries without extra ad spend.,WEBSITE,New business website + WhatsApp enquiry funnel,"CVI Car cliniq - best car mechanic near ambattur, General service, waterwash, water wash, detailing, scanning. (Chennai) shows a concrete digital gap: No public website found; Auto workshop — booking/tracking sites convert walk-ins A focused build could turn existing demand into booked enquiries without extra ad spend.",BUSINESS_OPPORTUNITY,MEDIUM,0,SMALL_WEBSITE,,,,,,,,,,,+919790321565,+919790321565,,,,,GOOGLE_MAPS,https://exa.ai/library/places,,
Josie Beauty Parlour,Barbershop,Barbershop,,Chennai,Tamil Nadu,India,"425/A, Kilpauk Garden Road, State of Tamil Nādu 600010, IN","Kilpauk, Chennai",,,,NEW,92,No public website found. Salon/spa — online booking lifts conversions,No public website found; Salon/spa — online booking lifts conversions,"New business website with service pages, portfolio, enquiry form and WhatsApp integration.","New business website with service pages, portfolio, enquiry form and WhatsApp integration.",New business website + WhatsApp enquiry funnel,You already have demand in Chennai — a focused site with clear CTAs could convert more enquiries without extra ad spend.,WEBSITE,New business website + WhatsApp enquiry funnel,Josie Beauty Parlour (Chennai) shows a concrete digital gap: No public website found; Salon/spa — online booking lifts conversions A focused build could turn existing demand into booked enquiries without extra ad spend.,BUSINESS_OPPORTUNITY,MEDIUM,0,SMALL_WEBSITE,,,,,,,,,,,+914426471485,+914426471485,,,,,GOOGLE_MAPS,https://exa.ai/library/places,,
Kohls Salon| Anna Nagar | Exclusive for Women,Health and Beauty Service,Health and Beauty Service,,Chennai,Tamil Nadu,India,"1726, Vasantham Colony 1st Main Rd, State of Tamil Nādu 600040, IN",Chennai,,,,NEW,92,No public website found. Salon/spa — online booking lifts conversions,No public website found; Salon/spa — online booking lifts conversions,"New business website with service pages, portfolio, enquiry form and WhatsApp integration.","New business website with service pages, portfolio, enquiry form and WhatsApp integration.",New business website + WhatsApp enquiry funnel,You already have demand in Chennai — a focused site with clear CTAs could convert more enquiries without extra ad spend.,WEBSITE,New business website + WhatsApp enquiry funnel,Kohls Salon| Anna Nagar | Exclusive for Women (Chennai) shows a concrete digital gap: No public website found; Salon/spa — online booking lifts conversions A focused build could turn existing demand into booked enquiries without extra ad spend.,BUSINESS_OPPORTUNITY,MEDIUM,0,SMALL_WEBSITE,,,,,,,,,,,+917338782344,+917338782344,,,,,GOOGLE_MAPS,https://exa.ai/library/places,,
MONALISA BEAUTY PARLOUR,Health and Beauty Service,Health and Beauty Service,,Chennai,Tamil Nadu,India,"NO-195, 1ST FLOOR, Kilpauk Garden Road, above BIOMED LAB, opp. to VELACHERY POLICE QUARTERS, State of Tamil Nādu 600010, IN","Velachery, Chennai",,,,NEW,92,No public website found. Salon/spa — online booking lifts conversions,No public website found; Salon/spa — online booking lifts conversions,"New business website with service pages, portfolio, enquiry form and WhatsApp integration.","New business website with service pages, portfolio, enquiry form and WhatsApp integration.",New business website + WhatsApp enquiry funnel,You already have demand in Chennai — a focused site with clear CTAs could convert more enquiries without extra ad spend.,WEBSITE,New business website + WhatsApp enquiry funnel,MONALISA BEAUTY PARLOUR (Chennai) shows a concrete digital gap: No public website found; Salon/spa — online booking lifts conversions A focused build could turn existing demand into booked enquiries without extra ad spend.,BUSINESS_OPPORTUNITY,MEDIUM,0,SMALL_WEBSITE,,,,,,,,,,,+917401841202,+917401841202,,,,,GOOGLE_MAPS,https://exa.ai/library/places,,
"Salon Aliza, Kilpauk chennai",Health and Beauty Service,Health and Beauty Service,,Chennai,Tamil Nadu,India,"145/65, 2nd St, State of Tamil Nādu 600012, IN",Chennai,,,,NEW,92,No public website found. Salon/spa — online booking lifts conversions,No public website found; Salon/spa — online booking lifts conversions,"New business website with service pages, portfolio, enquiry form and WhatsApp integration.","New business website with service pages, portfolio, enquiry form and WhatsApp integration.",New business website + WhatsApp enquiry funnel,You already have demand in Chennai — a focused site with clear CTAs could convert more enquiries without extra ad spend.,WEBSITE,New business website + WhatsApp enquiry funnel,"Salon Aliza, Kilpauk chennai (Chennai) shows a concrete digital gap: No public website found; Salon/spa — online booking lifts conversions A focused build could turn existing demand into booked enquiries without extra ad spend.",BUSINESS_OPPORTUNITY,MEDIUM,0,SMALL_WEBSITE,,,,,,,,,,,+919176464044,+919176464044,,,,,GOOGLE_MAPS,https://exa.ai/library/places,,
Sree Styyle Beauty Saloon,Health and Beauty Service,Health and Beauty Service,,Chennai,Tamil Nadu,India,"Shop Number 290, Kilpauk Garden Road, State of Tamil Nādu 600010, IN","Kilpauk, Chennai",,,,NEW,92,No public website found. Salon/spa — online booking lifts conversions,No public website found; Salon/spa — online booking lifts conversions,"New business website with service pages, portfolio, enquiry form and WhatsApp integration.","New business website with service pages, portfolio, enquiry form and WhatsApp integration.",New business website + WhatsApp enquiry funnel,You already have demand in Chennai — a focused site with clear CTAs could convert more enquiries without extra ad spend.,WEBSITE,New business website + WhatsApp enquiry funnel,Sree Styyle Beauty Saloon (Chennai) shows a concrete digital gap: No public website found; Salon/spa — online booking lifts conversions A focused build could turn existing demand into booked enquiries without extra ad spend.,BUSINESS_OPPORTUNITY,MEDIUM,0,SMALL_WEBSITE,,,,,,,,,,,+919840207557,+919840207557,,,,,GOOGLE_MAPS,https://exa.ai/library/places,,
The Tidy Spa And Salon,,Salon / Spa,,Chennai,Tamil Nadu,India,"3rd floor, Sam Noah tower, B5, 2nd Ave, Anna Nagar West","Chennai, Tamil Nadu",,,,NEW,92,No public website found. Salon/spa — online booking lifts conversions,Spa with strong ratings — no website listed,"New business website with service pages, portfolio, enquiry form and WhatsApp integration.","New business website with service pages, portfolio, enquiry form and WhatsApp integration.",New business website + WhatsApp enquiry funnel,You already have demand in Chennai — a focused site with clear CTAs could convert more enquiries without extra ad spend.,WEB_APPLICATION,New business website + WhatsApp enquiry funnel,The Tidy Spa And Salon (Chennai) shows a concrete digital gap: Spa with strong ratings — no website listed A focused build could turn existing demand into booked enquiries without extra ad spend.,BUSINESS_OPPORTUNITY,MEDIUM,0,SMALL_WEBSITE,,,,,,,,,,,+919840491282,+919840491282,,,,,GOOGLE_MAPS,https://exa.ai/library/place/8pgfxffjtf0,,
Velvet Interiors Studio,Interior Design,Interior Design,,Chennai,Tamil Nadu,India,,"Chennai, Tamil Nadu",,https://velvetinteriors.in,,NEW,92,,Portfolio site loads slowly on mobile and has no enquiry funnel.,"Portfolio website with project galleries, testimonials, and structured enquiry funnel.","Portfolio website with project galleries, testimonials, and structured enquiry funnel.",Website redesign + lead enquiry system,You have strong project photos — a faster mobile site with WhatsApp enquiry could convert more walk-ins.,,Website redesign + lead enquiry system,Velvet Interiors Studio (Chennai) shows a concrete digital gap: Portfolio site loads slowly on mobile and has no enquiry funnel. A focused build could turn existing demand into booked enquiries without extra ad spend.,BUSINESS_OPPORTUNITY,UNKNOWN,0,WEBSITE_REDESIGN,,,,,,,,,Owner,,+91 98400 11223,+91 98400 11223,hello@velvetinteriors.in,,,,GOOGLE_MAPS,,,
express motors,Automotive Repair Shop,Automotive Repair Shop,,Chennai,Tamil Nadu,India,"268, c.t.h.road, ambattur estate,, State of Tamil Nādu 600053, IN","Ambattur, Chennai",,,,NEW,92,No public website found. Auto workshop — booking/tracking sites convert walk-ins,No public website found; Auto workshop — booking/tracking sites convert walk-ins,"New business website with service pages, portfolio, enquiry form and WhatsApp integration.","New business website with service pages, portfolio, enquiry form and WhatsApp integration.",New business website + WhatsApp enquiry funnel,You already have demand in Chennai — a focused site with clear CTAs could convert more enquiries without extra ad spend.,WEBSITE,New business website + WhatsApp enquiry funnel,express motors (Chennai) shows a concrete digital gap: No public website found; Auto workshop — booking/tracking sites convert walk-ins A focused build could turn existing demand into booked enquiries without extra ad spend.,BUSINESS_OPPORTUNITY,MEDIUM,0,SMALL_WEBSITE,,,,,,,,,,,+919445109710,+919445109710,,,,,GOOGLE_MAPS,https://exa.ai/library/places,,
Body Style,Gym,Gym,,Chennai,Tamil Nadu,India,"18th Main Road, State of Tamil Nādu 600040, IN",Chennai,,,,NEW,90,No public website found,No public website found,"New business website with service pages, portfolio, enquiry form and WhatsApp integration.","New business website with service pages, portfolio, enquiry form and WhatsApp integration.",New business website + WhatsApp enquiry funnel,You already have demand in Chennai — a focused site with clear CTAs could convert more enquiries without extra ad spend.,WEBSITE,New business website + WhatsApp enquiry funnel,Body Style (Chennai) shows a concrete digital gap: No public website found A focused build could turn existing demand into booked enquiries without extra ad spend.,BUSINESS_OPPORTUNITY,MEDIUM,0,SMALL_WEBSITE,,,,,,,,,,,+914442645005,+914442645005,,,,,GOOGLE_MAPS,https://exa.ai/library/places,,
HUSTLE HUB Gym,Gym,Gym,,Chennai,Tamil Nadu,India,"18th St, State of Tamil Nādu 600040, IN",Chennai,,,,NEW,90,No public website found,No public website found,"New business website with service pages, portfolio, enquiry form and WhatsApp integration.","New business website with service pages, portfolio, enquiry form and WhatsApp integration.",New business website + WhatsApp enquiry funnel,You already have demand in Chennai — a focused site with clear CTAs could convert more enquiries without extra ad spend.,WEBSITE,New business website + WhatsApp enquiry funnel,HUSTLE HUB Gym (Chennai) shows a concrete digital gap: No public website found A focused build could turn existing demand into booked enquiries without extra ad spend.,BUSINESS_OPPORTUNITY,MEDIUM,0,SMALL_WEBSITE,,,,,,,,,,,+919940434361,+919940434361,,,,,GOOGLE_MAPS,https://exa.ai/library/places,,
"SLAM Lifestyle and Fitness Studio, Anna Nagar East",Gym,Gym,,Chennai,Tamil Nadu,India,"No. G-69, 2nd Floor, 1st Ave, State of Tamil Nādu 600102, IN",Chennai,,,,NEW,90,No public website found,No public website found,"New business website with service pages, portfolio, enquiry form and WhatsApp integration.","New business website with service pages, portfolio, enquiry form and WhatsApp integration.",New business website + WhatsApp enquiry funnel,You already have demand in Chennai — a focused site with clear CTAs could convert more enquiries without extra ad spend.,WEBSITE,New business website + WhatsApp enquiry funnel,"SLAM Lifestyle and Fitness Studio, Anna Nagar East (Chennai) shows a concrete digital gap: No public website found A focused build could turn existing demand into booked enquiries without extra ad spend.",BUSINESS_OPPORTUNITY,MEDIUM,0,SMALL_WEBSITE,,,,,,,,,,,+919345456951,+919345456951,,,,,GOOGLE_MAPS,https://exa.ai/library/places,,
Transform @ AK Fitness Studio,Gym,Gym,,Chennai,Tamil Nadu,India,"16/12, 2nd Floor, Main Road, State of Tamil Nādu 600101, IN",Chennai,,,,NEW,90,No public website found,No public website found,"New business website with service pages, portfolio, enquiry form and WhatsApp integration.","New business website with service pages, portfolio, enquiry form and WhatsApp integration.",New business website + WhatsApp enquiry funnel,You already have demand in Chennai — a focused site with clear CTAs could convert more enquiries without extra ad spend.,WEBSITE,New business website + WhatsApp enquiry funnel,Transform @ AK Fitness Studio (Chennai) shows a concrete digital gap: No public website found A focused build could turn existing demand into booked enquiries without extra ad spend.,BUSINESS_OPPORTUNITY,MEDIUM,0,SMALL_WEBSITE,,,,,,,,,,,+919884478068,+919884478068,,,,,GOOGLE_MAPS,https://exa.ai/library/places,,
Centaur Travels,,Travel Agency,,Chennai,Tamil Nadu,India,"AD-19/9, 5th Avenue, Anna Nagar","Chennai, Tamil Nadu",,,,NEW,89,No public website found,Long-established agency with directory listing — no modern site evident,"New business website with service pages, portfolio, enquiry form and WhatsApp integration.","New business website with service pages, portfolio, enquiry form and WhatsApp integration.",New business website + WhatsApp enquiry funnel,You already have demand in Chennai — a focused site with clear CTAs could convert more enquiries without extra ad spend.,,New business website + WhatsApp enquiry funnel,Centaur Travels (Chennai) shows a concrete digital gap: Long-established agency with directory listing — no modern site evident A focused build could turn existing demand into booked enquiries without extra ad spend.,BUSINESS_OPPORTUNITY,MEDIUM,0,SMALL_WEBSITE,,,,,,,,,,,+914426202336,+914426202336,abigoyal@sify.com,,,,DIRECTORY,https://jupiteryellowdetail.com/search-by-listings/travel-agent-_-airlines-/anna-nagar-/centaur-travels/15456.jws,,
Priya Boutique Shop,,Fashion Boutique,,Chennai,Tamil Nadu,India,"No.30, Kilpauk Garden Road, Kilpauk","Chennai, Tamil Nadu",,,,NEW,89,No public website found,Listed on business directory only — no owned e-commerce/catalog site,"New business website with service pages, portfolio, enquiry form and WhatsApp integration.","New business website with service pages, portfolio, enquiry form and WhatsApp integration.",New business website + WhatsApp enquiry funnel,You already have demand in Chennai — a focused site with clear CTAs could convert more enquiries without extra ad spend.,ECOMMERCE,New business website + WhatsApp enquiry funnel,Priya Boutique Shop (Chennai) shows a concrete digital gap: Listed on business directory only — no owned e-commerce/catalog site A focused build could turn existing demand into booked enquiries without extra ad spend.,BUSINESS_OPPORTUNITY,MEDIUM,0,SMALL_WEBSITE,,,,,,,,,,,+919884650561,+919884650561,atchara1228@gmail.com,,,,DIRECTORY,https://www.bharatibiz.com/en/priya-boutique-shop-098846-50561,,
GM Men's Hostel,,PG / Hostel,,Chennai,Tamil Nadu,India,"126/1 Avvai St, Anna Nagar West","Chennai, Tamil Nadu",,https://lyzoo.co.in/gmworkingmenshostel/,,NEW,86,Relies on directory/social instead of owned site. PG/hostel — booking/enquiry systems are often manual,Hosted on generic listing template — weak brand and booking UX,"PG listing site with room availability, enquiry CRM, and tenant onboarding.","PG listing site with room availability, enquiry CRM, and tenant onboarding.",Website redesign + enquiry/booking flow,You already have demand in Chennai — a focused site with clear CTAs could convert more enquiries without extra ad spend.,,Website redesign + enquiry/booking flow,GM Men's Hostel (Chennai) shows a concrete digital gap: Hosted on generic listing template — weak brand and booking UX A focused build could turn existing demand into booked enquiries without extra ad spend.,BUSINESS_OPPORTUNITY,MEDIUM,0,BUSINESS_WEB_APP,,,,,,,,,,,+917305552746,+917305552746,,,,,DIRECTORY,https://lyzoo.co.in/gmworkingmenshostel/,,
SmileCare Dental Clinic,Healthcare,Healthcare,,Coimbatore,Tamil Nadu,India,,"Coimbatore, Tamil Nadu",,,,CONTACTED,85,,Outdated WordPress theme; appointment form broken on iOS.,"New business website with service pages, portfolio, enquiry form and WhatsApp integration.","New business website with service pages, portfolio, enquiry form and WhatsApp integration.",Clinic website rebuild + appointment flow,,,Clinic website rebuild + appointment flow,SmileCare Dental Clinic (Coimbatore) shows a concrete digital gap: Outdated WordPress theme; appointment form broken on iOS. A focused build could turn existing demand into booked enquiries without extra ad spend.,BUSINESS_OPPORTUNITY,UNKNOWN,0,SMALL_WEBSITE,,,,,,,,,Owner,,+91 94422 77889,+91 94422 77889,care@smilecareclinic.com,,,,LINKEDIN,,,
Absolute Home Design Studio,Interior Designer,Interior Designer,,Chennai,Tamil Nadu,India,"TNHB Main Rd, State of Tamil Nādu 600054, IN",Chennai,,http://www.adhomesinteriors.com/,,NEW,84,Interior — portfolio and lead funnel drive projects. HTTP-only site — likely dated UX/mobile experience,Interior — portfolio and lead funnel drive projects; HTTP-only site — likely dated UX/mobile experience,"Portfolio website with project galleries, testimonials, and structured enquiry funnel.","Portfolio website with project galleries, testimonials, and structured enquiry funnel.",Website redesign + enquiry/booking flow,You already have demand in Chennai — a focused site with clear CTAs could convert more enquiries without extra ad spend.,WEBSITE,Website redesign + enquiry/booking flow,Absolute Home Design Studio (Chennai) shows a concrete digital gap: Interior — portfolio and lead funnel drive projects; HTTP-only site — likely dated UX/mobile experience A focused build could turn existing demand into booked enquiries without extra ad spend.,BUSINESS_OPPORTUNITY,MEDIUM,0,WEBSITE_REDESIGN,,,,,,,,,,,+917338929493,+917338929493,,,,,GOOGLE_MAPS,http://www.adhomesinteriors.com/,,
Aesthetic Dental Care,Dentist,Dentist,,Chennai,Tamil Nadu,India,"NO 10, NEW NO 21, OLD, Padmanabha Nagar1st St, State of Tamil Nādu 600020, IN",Chennai,,,,NEW,84,No public website found,No public website found,"New business website with service pages, portfolio, enquiry form and WhatsApp integration.","New business website with service pages, portfolio, enquiry form and WhatsApp integration.",New business website + WhatsApp enquiry funnel,You already have demand in Chennai — a focused site with clear CTAs could convert more enquiries without extra ad spend.,WEBSITE,New business website + WhatsApp enquiry funnel,Aesthetic Dental Care (Chennai) shows a concrete digital gap: No public website found A focused build could turn existing demand into booked enquiries without extra ad spend.,BUSINESS_OPPORTUNITY,MEDIUM,0,SMALL_WEBSITE,,,,,,,,,,,+919003058791,+919003058791,,,,,GOOGLE_MAPS,https://exa.ai/library/places,,
Atharva Multi-speciality Dental Care,Dentist,Dentist,,Chennai,Tamil Nadu,India,"146, Velachery Main Rd, near red box restaurant, near Chandra mahal, State of Tamil Nādu 600100, IN","Velachery, Chennai",,,,NEW,84,No public website found,No public website found,"New business website with service pages, portfolio, enquiry form and WhatsApp integration.","New business website with service pages, portfolio, enquiry form and WhatsApp integration.",New business website + WhatsApp enquiry funnel,You already have demand in Chennai — a focused site with clear CTAs could convert more enquiries without extra ad spend.,WEBSITE,New business website + WhatsApp enquiry funnel,Atharva Multi-speciality Dental Care (Chennai) shows a concrete digital gap: No public website found A focused build could turn existing demand into booked enquiries without extra ad spend.,BUSINESS_OPPORTUNITY,MEDIUM,0,SMALL_WEBSITE,,,,,,,,,,,+919360392266,+919360392266,,,,,GOOGLE_MAPS,https://exa.ai/library/places,,
Comfort Interiors OMR - Best Interior Designers OMR Chennai,Interior Designer,Interior Designer,,Chennai,Tamil Nadu,India,"1/16, Rajiv Gandhi Salai, State of Tamil Nādu 600097, IN",Chennai,,http://comfortinteriors.in/,,NEW,84,Interior — portfolio and lead funnel drive projects. HTTP-only site — likely dated UX/mobile experience,Interior — portfolio and lead funnel drive projects; HTTP-only site — likely dated UX/mobile experience,"Portfolio website with project galleries, testimonials, and structured enquiry funnel.","Portfolio website with project galleries, testimonials, and structured enquiry funnel.",Website redesign + enquiry/booking flow,You already have demand in Chennai — a focused site with clear CTAs could convert more enquiries without extra ad spend.,WEBSITE,Website redesign + enquiry/booking flow,Comfort Interiors OMR - Best Interior Designers OMR Chennai (Chennai) shows a concrete digital gap: Interior — portfolio and lead funnel drive projects; HTTP-only site — likely dated UX/mobile experience A focused build could turn existing demand into booked enquiries without extra ad spend.,BUSINESS_OPPORTUNITY,MEDIUM,0,WEBSITE_REDESIGN,,,,,,,,,,,+919962213107,+919962213107,,,,,GOOGLE_MAPS,http://comfortinteriors.in/,,
Denteeze,Dentist,Dentist,,Chennai,Tamil Nadu,India,"NO.13/A, Kaashyap Enclave, Velachery Main Rd, next to Lavish Furniture, opp. to NMS Marriage Hall, State of Tamil Nādu 600042, IN","Velachery, Chennai",,,,NEW,84,No public website found,No public website found,"New business website with service pages, portfolio, enquiry form and WhatsApp integration.","New business website with service pages, portfolio, enquiry form and WhatsApp integration.",New business website + WhatsApp enquiry funnel,You already have demand in Chennai — a focused site with clear CTAs could convert more enquiries without extra ad spend.,WEBSITE,New business website + WhatsApp enquiry funnel,Denteeze (Chennai) shows a concrete digital gap: No public website found A focused build could turn existing demand into booked enquiries without extra ad spend.,BUSINESS_OPPORTUNITY,MEDIUM,0,SMALL_WEBSITE,,,,,,,,,,,+918925779990,+918925779990,,,,,GOOGLE_MAPS,https://exa.ai/library/places,,
Dr Kumars Dental Care,Dentist,Dentist,,Chennai,Tamil Nadu,India,"15, 1st Ave, State of Tamil Nādu 600020, IN",Chennai,,,,NEW,84,No public website found,No public website found,"New business website with service pages, portfolio, enquiry form and WhatsApp integration.","New business website with service pages, portfolio, enquiry form and WhatsApp integration.",New business website + WhatsApp enquiry funnel,You already have demand in Chennai — a focused site with clear CTAs could convert more enquiries without extra ad spend.,WEBSITE,New business website + WhatsApp enquiry funnel,Dr Kumars Dental Care (Chennai) shows a concrete digital gap: No public website found A focused build could turn existing demand into booked enquiries without extra ad spend.,BUSINESS_OPPORTUNITY,MEDIUM,0,SMALL_WEBSITE,,,,,,,,,,,+914449595575,+914449595575,,,,,GOOGLE_MAPS,https://exa.ai/library/places,,
Elite Realtors,,Real Estate,,Chennai,Tamil Nadu,India,"Ap 1207 Thendral Colony, 5th St, Anna Nagar West","Chennai, Tamil Nadu",,https://elite-realtors-rera-registered.wheree.com/,,NEW,84,Relies on directory/social instead of owned site. Real estate — lead capture and listing UX matter,Relies on directory/social instead of owned site; Real estate — lead capture and listing UX matter,"Property listing site with filters, map, and lead capture integrated to CRM.","Property listing site with filters, map, and lead capture integrated to CRM.",Website redesign + enquiry/booking flow,You already have demand in Chennai — a focused site with clear CTAs could convert more enquiries without extra ad spend.,,Website redesign + enquiry/booking flow,Elite Realtors (Chennai) shows a concrete digital gap: Relies on directory/social instead of owned site; Real estate — lead capture and listing UX matter A focused build could turn existing demand into booked enquiries without extra ad spend.,BUSINESS_OPPORTUNITY,MEDIUM,0,BUSINESS_WEBSITE,,,,,,,,,,,+919840833750,+919840833750,,,,,DIRECTORY,https://elite-realtors-rera-registered.wheree.com/,,
Future Design Interiors,Interior Designer,Interior Designer,,Chennai,Tamil Nadu,India,"Kanchuma Puram, Vanagaram, Chennai, Tamil Nadu 600095, India, State of Tamil Nādu, IN",Chennai,,http://www.futuredesigninteriors.com/,,NEW,84,Interior — portfolio and lead funnel drive projects. HTTP-only site — likely dated UX/mobile experience,Interior — portfolio and lead funnel drive projects; HTTP-only site — likely dated UX/mobile experience,"Portfolio website with project galleries, testimonials, and structured enquiry funnel.","Portfolio website with project galleries, testimonials, and structured enquiry funnel.",Website redesign + enquiry/booking flow,You already have demand in Chennai — a focused site with clear CTAs could convert more enquiries without extra ad spend.,WEBSITE,Website redesign + enquiry/booking flow,Future Design Interiors (Chennai) shows a concrete digital gap: Interior — portfolio and lead funnel drive projects; HTTP-only site — likely dated UX/mobile experience A focused build could turn existing demand into booked enquiries without extra ad spend.,BUSINESS_OPPORTUNITY,MEDIUM,0,WEBSITE_REDESIGN,,,,,,,,,,,+918122889742,+918122889742,,,,,GOOGLE_MAPS,http://www.futuredesigninteriors.com/,,
JOMO HOME INTERIORS,Interior Designer,Interior Designer,,Chennai,Tamil Nadu,India,"200 Feet Bypass Rd, State of Tamil Nādu 600095, IN",Chennai,,http://www.jomointeriors.in/,,NEW,84,Interior — portfolio and lead funnel drive projects. HTTP-only site — likely dated UX/mobile experience,Interior — portfolio and lead funnel drive projects; HTTP-only site — likely dated UX/mobile experience,"Portfolio website with project galleries, testimonials, and structured enquiry funnel.","Portfolio website with project galleries, testimonials, and structured enquiry funnel.",Website redesign + enquiry/booking flow,You already have demand in Chennai — a focused site with clear CTAs could convert more enquiries without extra ad spend.,WEBSITE,Website redesign + enquiry/booking flow,JOMO HOME INTERIORS (Chennai) shows a concrete digital gap: Interior — portfolio and lead funnel drive projects; HTTP-only site — likely dated UX/mobile experience A focused build could turn existing demand into booked enquiries without extra ad spend.,BUSINESS_OPPORTUNITY,MEDIUM,0,WEBSITE_REDESIGN,,,,,,,,,,,+919940187677,+919940187677,,,,,GOOGLE_MAPS,http://www.jomointeriors.in/,,
Kumaran Diagnostic Centre,Medical Lab,Medical Lab,,Chennai,Tamil Nadu,India,"3, Nattar St, Velachery Main Rd, State of Tamil Nādu 600042, IN","Velachery, Chennai",,,,NEW,84,No public website found,No public website found,"New business website with service pages, portfolio, enquiry form and WhatsApp integration.","New business website with service pages, portfolio, enquiry form and WhatsApp integration.",New business website + WhatsApp enquiry funnel,You already have demand in Chennai — a focused site with clear CTAs could convert more enquiries without extra ad spend.,WEBSITE,New business website + WhatsApp enquiry funnel,Kumaran Diagnostic Centre (Chennai) shows a concrete digital gap: No public website found A focused build could turn existing demand into booked enquiries without extra ad spend.,BUSINESS_OPPORTUNITY,MEDIUM,0,SMALL_WEBSITE,,,,,,,,,,,+919841609555,+919841609555,,,,,GOOGLE_MAPS,https://exa.ai/library/places,,
LAKSHMI TRAVELS 24/7 LOCAL PACKAGE & OUTSTATION,Travel Agency,Travel Agency,,Chennai,Tamil Nadu,India,"378, 19th Main Rd, State of Tamil Nādu 600040, IN",Chennai,,,,NEW,84,No public website found,No public website found,"New business website with service pages, portfolio, enquiry form and WhatsApp integration.","New business website with service pages, portfolio, enquiry form and WhatsApp integration.",New business website + WhatsApp enquiry funnel,You already have demand in Chennai — a focused site with clear CTAs could convert more enquiries without extra ad spend.,WEBSITE,New business website + WhatsApp enquiry funnel,LAKSHMI TRAVELS 24/7 LOCAL PACKAGE & OUTSTATION (Chennai) shows a concrete digital gap: No public website found A focused build could turn existing demand into booked enquiries without extra ad spend.,BUSINESS_OPPORTUNITY,MEDIUM,0,SMALL_WEBSITE,,,,,,,,,,,+919940301342,+919940301342,,,,,GOOGLE_MAPS,https://exa.ai/library/places,,
LabServ,Medical Lab,Medical Lab,,Chennai,Tamil Nadu,India,"No 201, Velachery Main Rd, near Rajalakshmi Hall, State of Tamil Nādu 600042, IN","Velachery, Chennai",,,,NEW,84,No public website found,No public website found,"New business website with service pages, portfolio, enquiry form and WhatsApp integration.","New business website with service pages, portfolio, enquiry form and WhatsApp integration.",New business website + WhatsApp enquiry funnel,You already have demand in Chennai — a focused site with clear CTAs could convert more enquiries without extra ad spend.,WEBSITE,New business website + WhatsApp enquiry funnel,LabServ (Chennai) shows a concrete digital gap: No public website found A focused build could turn existing demand into booked enquiries without extra ad spend.,BUSINESS_OPPORTUNITY,MEDIUM,0,SMALL_WEBSITE,,,,,,,,,,,+918939364070,+918939364070,,,,,GOOGLE_MAPS,https://exa.ai/library/places,,
"NANOMED SCANS , Velacherry",Medical Center,Medical Center,,Chennai,Tamil Nadu,India,"bus stop 8b bus stop 8b, behind baby nagar, opp. Naidu hall and indus ind bank, State of Tamil Nādu 600042, IN",Chennai,,,,NEW,84,No public website found,No public website found,"New business website with service pages, portfolio, enquiry form and WhatsApp integration.","New business website with service pages, portfolio, enquiry form and WhatsApp integration.",New business website + WhatsApp enquiry funnel,You already have demand in Chennai — a focused site with clear CTAs could convert more enquiries without extra ad spend.,WEBSITE,New business website + WhatsApp enquiry funnel,"NANOMED SCANS , Velacherry (Chennai) shows a concrete digital gap: No public website found A focused build could turn existing demand into booked enquiries without extra ad spend.",BUSINESS_OPPORTUNITY,MEDIUM,0,SMALL_WEBSITE,,,,,,,,,,,+919094962323,+919094962323,,,,,GOOGLE_MAPS,https://exa.ai/library/places,,
NTNTRAVELS,Travel Agency,Travel Agency,,Chennai,Tamil Nadu,India,"7708672390/9551854685, State of Tamil Nādu 600037, IN",Chennai,,,,NEW,84,No public website found,No public website found,"New business website with service pages, portfolio, enquiry form and WhatsApp integration.","New business website with service pages, portfolio, enquiry form and WhatsApp integration.",New business website + WhatsApp enquiry funnel,You already have demand in Chennai — a focused site with clear CTAs could convert more enquiries without extra ad spend.,WEBSITE,New business website + WhatsApp enquiry funnel,NTNTRAVELS (Chennai) shows a concrete digital gap: No public website found A focused build could turn existing demand into booked enquiries without extra ad spend.,BUSINESS_OPPORTUNITY,MEDIUM,0,SMALL_WEBSITE,,,,,,,,,,,+917708672390,+917708672390,,,,,GOOGLE_MAPS,https://exa.ai/library/places,,
New Tech Diagnostic Centre,Medical Lab,Medical Lab,,Chennai,Tamil Nadu,India,"No 13, Dr Ambethkar Nagar, Velachery Main Road, Check-Post, Velachery Main Road, opposite Jaya Hospital, State of Tamil Nādu 600042, IN","Velachery, Chennai",,,,NEW,84,No public website found,No public website found,"New business website with service pages, portfolio, enquiry form and WhatsApp integration.","New business website with service pages, portfolio, enquiry form and WhatsApp integration.",New business website + WhatsApp enquiry funnel,You already have demand in Chennai — a focused site with clear CTAs could convert more enquiries without extra ad spend.,WEBSITE,New business website + WhatsApp enquiry funnel,New Tech Diagnostic Centre (Chennai) shows a concrete digital gap: No public website found A focused build could turn existing demand into booked enquiries without extra ad spend.,BUSINESS_OPPORTUNITY,MEDIUM,0,SMALL_WEBSITE,,,,,,,,,,,+919841672484,+919841672484,,,,,GOOGLE_MAPS,https://exa.ai/library/places,,
SAIRAM HOLIDAY,Tour Provider,Tour Provider,,Chennai,Tamil Nadu,India,"Rohini Flats ,246/5A, 7th Avenue, Pioneer Colony, Anna Nagar West Extension, State of Tamil Nādu 600101, IN","Anna Nagar, Chennai",,,,NEW,84,No public website found,No public website found,"New business website with service pages, portfolio, enquiry form and WhatsApp integration.","New business website with service pages, portfolio, enquiry form and WhatsApp integration.",New business website + WhatsApp enquiry funnel,You already have demand in Chennai — a focused site with clear CTAs could convert more enquiries without extra ad spend.,WEBSITE,New business website + WhatsApp enquiry funnel,SAIRAM HOLIDAY (Chennai) shows a concrete digital gap: No public website found A focused build could turn existing demand into booked enquiries without extra ad spend.,BUSINESS_OPPORTUNITY,MEDIUM,0,SMALL_WEBSITE,,,,,,,,,,,+919535500455,+919535500455,,,,,GOOGLE_MAPS,https://exa.ai/library/places,,
Thanushya Dental Clinic,Dentist,Dentist,,Chennai,Tamil Nadu,India,"213, Velachery Main Rd, State of Tamil Nādu 600073, IN","Velachery, Chennai",,,,NEW,84,No public website found,No public website found,"New business website with service pages, portfolio, enquiry form and WhatsApp integration.","New business website with service pages, portfolio, enquiry form and WhatsApp integration.",New business website + WhatsApp enquiry funnel,You already have demand in Chennai — a focused site with clear CTAs could convert more enquiries without extra ad spend.,WEBSITE,New business website + WhatsApp enquiry funnel,Thanushya Dental Clinic (Chennai) shows a concrete digital gap: No public website found A focused build could turn existing demand into booked enquiries without extra ad spend.,BUSINESS_OPPORTUNITY,MEDIUM,0,SMALL_WEBSITE,,,,,,,,,,,+919940635853,+919940635853,,,,,GOOGLE_MAPS,https://exa.ai/library/places,,
VEL LAYA Scans,Medical Lab,Medical Lab,,Chennai,Tamil Nadu,India,"H no.2, 1, Plot 23, 2nd Cross St, State of Tamil Nādu 600042, IN",Chennai,,,,NEW,84,No public website found,No public website found,"New business website with service pages, portfolio, enquiry form and WhatsApp integration.","New business website with service pages, portfolio, enquiry form and WhatsApp integration.",New business website + WhatsApp enquiry funnel,You already have demand in Chennai — a focused site with clear CTAs could convert more enquiries without extra ad spend.,WEBSITE,New business website + WhatsApp enquiry funnel,VEL LAYA Scans (Chennai) shows a concrete digital gap: No public website found A focused build could turn existing demand into booked enquiries without extra ad spend.,BUSINESS_OPPORTUNITY,MEDIUM,0,SMALL_WEBSITE,,,,,,,,,,,+919025449044,+919025449044,,,,,GOOGLE_MAPS,https://exa.ai/library/places,,
YDesignStudio® (Less House More Home),Interior Designer,Interior Designer,,Chennai,Tamil Nadu,India,"No.129, Manthoppu Salai, State of Tamil Nādu 600095, IN",Chennai,,http://ydesignstudio.in/,,NEW,84,Interior — portfolio and lead funnel drive projects. HTTP-only site — likely dated UX/mobile experience,Interior — portfolio and lead funnel drive projects; HTTP-only site — likely dated UX/mobile experience,"Portfolio website with project galleries, testimonials, and structured enquiry funnel.","Portfolio website with project galleries, testimonials, and structured enquiry funnel.",Website redesign + enquiry/booking flow,You already have demand in Chennai — a focused site with clear CTAs could convert more enquiries without extra ad spend.,WEBSITE,Website redesign + enquiry/booking flow,YDesignStudio® (Less House More Home) (Chennai) shows a concrete digital gap: Interior — portfolio and lead funnel drive projects; HTTP-only site — likely dated UX/mobile experience A focused build could turn existing demand into booked enquiries without extra ad spend.,BUSINESS_OPPORTUNITY,MEDIUM,0,WEBSITE_REDESIGN,,,,,,,,,,,+919941888201,+919941888201,,,,,GOOGLE_MAPS,http://ydesignstudio.in/,,
TalentAll Recruitment Services,,Recruitment Agency,,Chennai,Tamil Nadu,India,"215, AH Block 2nd St, Anna Nagar","Chennai, Tamil Nadu",,http://www.talent-all.com/,,NEW,83,Recruitment — candidate/client portals are high value. HTTP-only site — likely dated UX/mobile experience,Recruitment — candidate/client portals are high value; HTTP-only site — likely dated UX/mobile experience,"Website redesign with mobile-first UX, faster load, and clear CTAs.","Website redesign with mobile-first UX, faster load, and clear CTAs.",Website redesign + enquiry/booking flow,You already have demand in Chennai — a focused site with clear CTAs could convert more enquiries without extra ad spend.,,Website redesign + enquiry/booking flow,TalentAll Recruitment Services (Chennai) shows a concrete digital gap: Recruitment — candidate/client portals are high value; HTTP-only site — likely dated UX/mobile experience A focused build could turn existing demand into booked enquiries without extra ad spend.,BUSINESS_OPPORTUNITY,MEDIUM,0,WEBSITE_REDESIGN,,,,,,,,,,,+919841034918,+919841034918,hello@talent-all.com,,,,WEBSITE,https://exa.ai/library/place/8s3cvcy8hln,,
Essensuals Hairdressing,Hair Salon,Hair Salon,,Chennai,Tamil Nadu,India,"No 21, New No 4, Old, Manickeswari Rd, State of Tamil Nādu 600010, IN",Chennai,,http://www.paulsons.in/essensuals.php,,NEW,82,Salon/spa — online booking lifts conversions. HTTP-only site — likely dated UX/mobile experience,Salon/spa — online booking lifts conversions; HTTP-only site — likely dated UX/mobile experience,"Website redesign with mobile-first UX, faster load, and clear CTAs.","Website redesign with mobile-first UX, faster load, and clear CTAs.",Website redesign + enquiry/booking flow,You already have demand in Chennai — a focused site with clear CTAs could convert more enquiries without extra ad spend.,WEBSITE,Website redesign + enquiry/booking flow,Essensuals Hairdressing (Chennai) shows a concrete digital gap: Salon/spa — online booking lifts conversions; HTTP-only site — likely dated UX/mobile experience A focused build could turn existing demand into booked enquiries without extra ad spend.,BUSINESS_OPPORTUNITY,MEDIUM,0,WEBSITE_REDESIGN,,,,,,,,,,,+918925915939,+918925915939,,,,,GOOGLE_MAPS,http://www.paulsons.in/essensuals.php,,
KK Car Care,Automotive Repair Shop,Automotive Repair Shop,,Chennai,Tamil Nadu,India,"10, Service Rd, State of Tamil Nādu 600053, IN",Chennai,,http://www.kkcarcarevijaykumar.com/,,NEW,82,Auto workshop — booking/tracking sites convert walk-ins. HTTP-only site — likely dated UX/mobile experience,Auto workshop — booking/tracking sites convert walk-ins; HTTP-only site — likely dated UX/mobile experience,"Website redesign with mobile-first UX, faster load, and clear CTAs.","Website redesign with mobile-first UX, faster load, and clear CTAs.",Website redesign + enquiry/booking flow,You already have demand in Chennai — a focused site with clear CTAs could convert more enquiries without extra ad spend.,WEBSITE,Website redesign + enquiry/booking flow,KK Car Care (Chennai) shows a concrete digital gap: Auto workshop — booking/tracking sites convert walk-ins; HTTP-only site — likely dated UX/mobile experience A focused build could turn existing demand into booked enquiries without extra ad spend.,BUSINESS_OPPORTUNITY,MEDIUM,0,WEBSITE_REDESIGN,,,,,,,,,,,+919171518101,+919171518101,,,,,GOOGLE_MAPS,http://www.kkcarcarevijaykumar.com/,,
Prakash Maths Tuition,,Coaching Institute,,Chennai,Tamil Nadu,India,"Government Rental Quarters, 606, C-43, Anna Nagar","Chennai, Tamil Nadu",,http://prakashmathstuition.com/,,NEW,82,HTTP-only site — likely dated UX/mobile experience,HTTP-only site — likely dated UX/mobile experience,"Website redesign with mobile-first UX, faster load, and clear CTAs.","Website redesign with mobile-first UX, faster load, and clear CTAs.",Website redesign + enquiry/booking flow,You already have demand in Chennai — a focused site with clear CTAs could convert more enquiries without extra ad spend.,,Website redesign + enquiry/booking flow,Prakash Maths Tuition (Chennai) shows a concrete digital gap: HTTP-only site — likely dated UX/mobile experience A focused build could turn existing demand into booked enquiries without extra ad spend.,BUSINESS_OPPORTUNITY,MEDIUM,0,WEBSITE_REDESIGN,,,,,,,,,,,+917904465952,+917904465952,,,,,WEBSITE,https://exa.ai/library/places?q=3146377f4e60f18a,,
Raaj Academy,,Coaching Institute,,Chennai,Tamil Nadu,India,"1193, IInd Floor, H Block 12th Main Rd, Anna Nagar","Chennai, Tamil Nadu",,http://www.raajacademy.com/,,NEW,82,HTTP-only site — likely dated UX/mobile experience,HTTP-only site — likely dated UX/mobile experience,"Website redesign with mobile-first UX, faster load, and clear CTAs.","Website redesign with mobile-first UX, faster load, and clear CTAs.",Website redesign + enquiry/booking flow,You already have demand in Chennai — a focused site with clear CTAs could convert more enquiries without extra ad spend.,WEBSITE_REDESIGN,Website redesign + enquiry/booking flow,Raaj Academy (Chennai) shows a concrete digital gap: HTTP-only site — likely dated UX/mobile experience A focused build could turn existing demand into booked enquiries without extra ad spend.,BUSINESS_OPPORTUNITY,MEDIUM,0,WEBSITE_REDESIGN,,,,,,,,,,,+919840334717,+919840334717,,,,,WEBSITE,https://exa.ai/library/places?q=3146377f4e60f18a,,
Balaji Couriers,,Logistics,,Chennai,Tamil Nadu,India,"A-8, 3rd Phase, Thiru-Vi Ka Industrial Estate, Guindy","Chennai, Tamil Nadu",,http://bobcouriers.in/,,NEW,81,Logistics — customer tracking and enquiry portals add value. HTTP-only site — likely dated UX/mobile experience,Basic courier site — customer tracking/portal opportunity,"Website redesign with mobile-first UX, faster load, and clear CTAs.","Website redesign with mobile-first UX, faster load, and clear CTAs.",Website redesign + enquiry/booking flow,You already have demand in Chennai — a focused site with clear CTAs could convert more enquiries without extra ad spend.,WEB_APPLICATION,Website redesign + enquiry/booking flow,Balaji Couriers (Chennai) shows a concrete digital gap: Basic courier site — customer tracking/portal opportunity A focused build could turn existing demand into booked enquiries without extra ad spend.,BUSINESS_OPPORTUNITY,MEDIUM,0,WEBSITE_REDESIGN,,,,,,,,,,,+917299726766,+917299726766,rajuboss70@gmail.com,,,,WEBSITE,http://bobcouriers.in/enquiry.php,,
Crunch Fitness Studio - Anna Nagar (Best Gym in Anna Nagar),Gym,Gym,,Chennai,Tamil Nadu,India,"Rais Towers, 2054/b, 2nd Ave, State of Tamil Nādu 600040, IN",Chennai,,http://www.crunchfitnessstudio.co.in/,,NEW,80,HTTP-only site — likely dated UX/mobile experience,HTTP-only site — likely dated UX/mobile experience,"Website redesign with mobile-first UX, faster load, and clear CTAs.","Website redesign with mobile-first UX, faster load, and clear CTAs.",Website redesign + enquiry/booking flow,You already have demand in Chennai — a focused site with clear CTAs could convert more enquiries without extra ad spend.,WEBSITE,Website redesign + enquiry/booking flow,Crunch Fitness Studio - Anna Nagar (Best Gym in Anna Nagar) (Chennai) shows a concrete digital gap: HTTP-only site — likely dated UX/mobile experience A focused build could turn existing demand into booked enquiries without extra ad spend.,BUSINESS_OPPORTUNITY,MEDIUM,0,WEBSITE_REDESIGN,,,,,,,,,,,+918148259637,+918148259637,,,,,GOOGLE_MAPS,http://www.crunchfitnessstudio.co.in/,,
Chennai Properties Online,,Real Estate,,Chennai,Tamil Nadu,India,"76 A, 9th St, Z Block, Anna Nagar West","Chennai, Tamil Nadu",,http://chennaipropertiesonline.in/,,NEW,78,Real estate — lead capture and listing UX matter. HTTP-only site — likely dated UX/mobile experience,Real estate — lead capture and listing UX matter; HTTP-only site — likely dated UX/mobile experience,"Property listing site with filters, map, and lead capture integrated to CRM.","Property listing site with filters, map, and lead capture integrated to CRM.",Website redesign + enquiry/booking flow,You already have demand in Chennai — a focused site with clear CTAs could convert more enquiries without extra ad spend.,,Website redesign + enquiry/booking flow,Chennai Properties Online (Chennai) shows a concrete digital gap: Real estate — lead capture and listing UX matter; HTTP-only site — likely dated UX/mobile experience A focused build could turn existing demand into booked enquiries without extra ad spend.,BUSINESS_OPPORTUNITY,MEDIUM,0,BUSINESS_WEBSITE,,,,,,,,,,,+919962454789,+919962454789,,,,,WEBSITE,https://exa.ai/library/place/krgx4qyyffj,,
NVR Real Estate,,Real Estate,,Chennai,Tamil Nadu,India,"391/b School Road, Anna Nagar West Extension","Chennai, Tamil Nadu",,http://nvrrealestate.com/,,NEW,78,Real estate — lead capture and listing UX matter. HTTP-only site — likely dated UX/mobile experience,Real estate — lead capture and listing UX matter; HTTP-only site — likely dated UX/mobile experience,"Property listing site with filters, map, and lead capture integrated to CRM.","Property listing site with filters, map, and lead capture integrated to CRM.",Website redesign + enquiry/booking flow,You already have demand in Chennai — a focused site with clear CTAs could convert more enquiries without extra ad spend.,,Website redesign + enquiry/booking flow,NVR Real Estate (Chennai) shows a concrete digital gap: Real estate — lead capture and listing UX matter; HTTP-only site — likely dated UX/mobile experience A focused build could turn existing demand into booked enquiries without extra ad spend.,BUSINESS_OPPORTUNITY,MEDIUM,0,BUSINESS_WEBSITE,,,,,,,,,,,+919677777774,+919677777774,,,,,WEBSITE,https://exa.ai/library/places?q=3a63a9a141bad06d,,
Prosperty Real Estate,,Real Estate,,Chennai,Tamil Nadu,India,"AP 676, 15th Street, H Block, Anna Nagar","Chennai, Tamil Nadu",,http://www.prospertyrealestate.com/,,NEW,78,Real estate — lead capture and listing UX matter. HTTP-only site — likely dated UX/mobile experience,Real estate — lead capture and listing UX matter; HTTP-only site — likely dated UX/mobile experience,"Property listing site with filters, map, and lead capture integrated to CRM.","Property listing site with filters, map, and lead capture integrated to CRM.",Website redesign + enquiry/booking flow,You already have demand in Chennai — a focused site with clear CTAs could convert more enquiries without extra ad spend.,,Website redesign + enquiry/booking flow,Prosperty Real Estate (Chennai) shows a concrete digital gap: Real estate — lead capture and listing UX matter; HTTP-only site — likely dated UX/mobile experience A focused build could turn existing demand into booked enquiries without extra ad spend.,BUSINESS_OPPORTUNITY,MEDIUM,0,BUSINESS_WEBSITE,,,,,,,,,,,+919884047460,+919884047460,,,,,WEBSITE,https://exa.ai/library/places?q=3a63a9a141bad06d,,
Spice Route Bistro,Restaurant,Restaurant,,Chennai,Tamil Nadu,India,,"Chennai, Tamil Nadu",,https://spiceroutebistro.com,,REVIEWED,78,,No online table booking; menu PDF only.,"Menu-led website with online ordering or enquiry, plus Google/WhatsApp CTAs.","Menu-led website with online ordering or enquiry, plus Google/WhatsApp CTAs.",Restaurant website + booking widget,,,Restaurant website + booking widget,Spice Route Bistro (Chennai) shows a concrete digital gap: No online table booking; menu PDF only. A focused build could turn existing demand into booked enquiries without extra ad spend.,BUSINESS_OPPORTUNITY,UNKNOWN,0,ECOMMERCE,,,,,,,,,Owner,,+91 90031 44556,+91 90031 44556,,,,,CSV_IMPORT,,,
Value Health Care Dental,,Dental Clinic,,Chennai,Tamil Nadu,India,"22, 2nd Main Rd, behind Valli Ammal College, Anna Nagar","Chennai, Tamil Nadu",,http://vhcdentalden.in/,,NEW,78,Healthcare — appointment/enquiry flows are high value. HTTP-only site — likely dated UX/mobile experience,HTTP clinic site — appointment UX can be modernized,"Appointment booking flow with service pages, reminders, and admin dashboard.","Appointment booking flow with service pages, reminders, and admin dashboard.",Website redesign + enquiry/booking flow,You already have demand in Chennai — a focused site with clear CTAs could convert more enquiries without extra ad spend.,WEB_APPLICATION,Website redesign + enquiry/booking flow,Value Health Care Dental (Chennai) shows a concrete digital gap: HTTP clinic site — appointment UX can be modernized A focused build could turn existing demand into booked enquiries without extra ad spend.,BUSINESS_OPPORTUNITY,MEDIUM,0,BUSINESS_WEB_APP,,,,,,,,,,,+917397107666,+917397107666,,,,,WEBSITE,https://exa.ai/library/places?q=f63ae04b1630b28f,,
Worldwide Logistics (WWL),,Logistics,,Chennai,Tamil Nadu,India,,Guindy,,http://www.go2wwl.com/,,NEW,76,Logistics — customer tracking and enquiry portals add value. HTTP-only site — likely dated UX/mobile experience,Logistics — customer tracking and enquiry portals add value; HTTP-only site — likely dated UX/mobile experience,"Website redesign with mobile-first UX, faster load, and clear CTAs.","Website redesign with mobile-first UX, faster load, and clear CTAs.",Website redesign + enquiry/booking flow,You already have demand in Chennai — a focused site with clear CTAs could convert more enquiries without extra ad spend.,WEBSITE_REDESIGN,Website redesign + enquiry/booking flow,Worldwide Logistics (WWL) (Chennai) shows a concrete digital gap: Logistics — customer tracking and enquiry portals add value; HTTP-only site — likely dated UX/mobile experience A focused build could turn existing demand into booked enquiries without extra ad spend.,BUSINESS_OPPORTUNITY,MEDIUM,0,WEBSITE_REDESIGN,,,,,,,,,,,+914422328888,+914422328888,,,,,WEBSITE,https://exa.ai/library/places?q=15174c4f8f94bf90,,
Appolo Academy,,Coaching Institute,,Chennai,Tamil Nadu,India,"181, Advent Church Complex, Gandhi Road, Velachery",Velachery,,https://www.appoloacademy.com/,,NEW,75,,Visible room to improve digital lead capture,"Modern business website with clear service pages, enquiry form, and WhatsApp handoff.","Modern business website with clear service pages, enquiry form, and WhatsApp handoff.",Website redesign + enquiry/booking flow,You already have demand in Chennai — a focused site with clear CTAs could convert more enquiries without extra ad spend.,,Website redesign + enquiry/booking flow,Appolo Academy (Chennai) shows a concrete digital gap: Visible room to improve digital lead capture A focused build could turn existing demand into booked enquiries without extra ad spend.,BUSINESS_OPPORTUNITY,LOW,0,BUSINESS_WEBSITE,,,,,,,,,,,+919500704040,+919500704040,appoloacademy@gmail.com,,,,WEBSITE,https://www.appoloacademy.com/,,
Chaitanya NEET IIT-JEE Academy,,Coaching Institute,,Chennai,Tamil Nadu,India,"42/S-4, X-Block, 2nd Floor, Sindur Shopping Center, Anna Nagar","Chennai, Tamil Nadu",,https://chaitanyaneetacademy.in/,,NEW,75,,Visible room to improve digital lead capture,"Modern business website with clear service pages, enquiry form, and WhatsApp handoff.","Modern business website with clear service pages, enquiry form, and WhatsApp handoff.",Website redesign + enquiry/booking flow,You already have demand in Chennai — a focused site with clear CTAs could convert more enquiries without extra ad spend.,,Website redesign + enquiry/booking flow,Chaitanya NEET IIT-JEE Academy (Chennai) shows a concrete digital gap: Visible room to improve digital lead capture A focused build could turn existing demand into booked enquiries without extra ad spend.,BUSINESS_OPPORTUNITY,LOW,0,BUSINESS_WEBSITE,,,,,,,,,,,+919940582758,+919940582758,Chaitanyaneetiitjeeacademy2017@gmail.com,,,,WEBSITE,https://chaitanyaneetacademy.in/contact/,,
R Square Academy (Velachery),,Coaching Institute,,Chennai,Tamil Nadu,India,"24/6, Tharamani Link, 100 Feet Rd, Tansi Nagar, Velachery",Velachery,,https://rsquareacademy.in/rsquare-academy-velachery/,,NEW,75,,Visible room to improve digital lead capture,"Modern business website with clear service pages, enquiry form, and WhatsApp handoff.","Modern business website with clear service pages, enquiry form, and WhatsApp handoff.",Website redesign + enquiry/booking flow,You already have demand in Chennai — a focused site with clear CTAs could convert more enquiries without extra ad spend.,,Website redesign + enquiry/booking flow,R Square Academy (Velachery) (Chennai) shows a concrete digital gap: Visible room to improve digital lead capture A focused build could turn existing demand into booked enquiries without extra ad spend.,BUSINESS_OPPORTUNITY,LOW,0,BUSINESS_WEBSITE,,,,,,,,,,,+917448626364,+917448626364,Info@rsquareacademy.in,,,,WEBSITE,https://rsquareacademy.in/rsquare-academy-velachery/,,
AARTHI SCANS & LABS | VELACHERY | DIAGNOSTIC CENTER,Medical Center,Medical Center,,Chennai,Tamil Nadu,India,"No.3, 1st Main Rd, State of Tamil Nādu 600042, IN",Chennai,,http://www.aarthiscan.com/,,NEW,74,HTTP-only site — likely dated UX/mobile experience,HTTP-only site — likely dated UX/mobile experience,"Website redesign with mobile-first UX, faster load, and clear CTAs.","Website redesign with mobile-first UX, faster load, and clear CTAs.",Website redesign + enquiry/booking flow,You already have demand in Chennai — a focused site with clear CTAs could convert more enquiries without extra ad spend.,WEBSITE,Website redesign + enquiry/booking flow,AARTHI SCANS & LABS | VELACHERY | DIAGNOSTIC CENTER (Chennai) shows a concrete digital gap: HTTP-only site — likely dated UX/mobile experience A focused build could turn existing demand into booked enquiries without extra ad spend.,BUSINESS_OPPORTUNITY,MEDIUM,0,WEBSITE_REDESIGN,,,,,,,,,,,+917550075500,+917550075500,,,,,GOOGLE_MAPS,http://www.aarthiscan.com/,,
Angel Travels Anna Nagar,Travel Agency,Travel Agency,,Chennai,Tamil Nadu,India,"AB 145, Anna Nagar 3rd Main Rd, opp. Bag Point, State of Tamil Nādu 600040, IN","Anna Nagar, Chennai",,http://www.angeltravels.in/,,NEW,74,HTTP-only site — likely dated UX/mobile experience,HTTP-only site — likely dated UX/mobile experience,"Website redesign with mobile-first UX, faster load, and clear CTAs.","Website redesign with mobile-first UX, faster load, and clear CTAs.",Website redesign + enquiry/booking flow,You already have demand in Chennai — a focused site with clear CTAs could convert more enquiries without extra ad spend.,WEBSITE,Website redesign + enquiry/booking flow,Angel Travels Anna Nagar (Chennai) shows a concrete digital gap: HTTP-only site — likely dated UX/mobile experience A focused build could turn existing demand into booked enquiries without extra ad spend.,BUSINESS_OPPORTUNITY,MEDIUM,0,WEBSITE_REDESIGN,,,,,,,,,,,+919003027097,+919003027097,,,,,GOOGLE_MAPS,http://www.angeltravels.in/,,
Arvindh's Dental Clinic,Dentist,Dentist,,Chennai,Tamil Nadu,India,"9/1 Nagaraja Iyer Street, velachery main road east tambaram, State of Tamil Nādu 600059, IN","Velachery, Chennai",,http://www.arvindhsdental.com/,,NEW,74,HTTP-only site — likely dated UX/mobile experience,HTTP-only site — likely dated UX/mobile experience,"Website redesign with mobile-first UX, faster load, and clear CTAs.","Website redesign with mobile-first UX, faster load, and clear CTAs.",Website redesign + enquiry/booking flow,You already have demand in Chennai — a focused site with clear CTAs could convert more enquiries without extra ad spend.,WEBSITE,Website redesign + enquiry/booking flow,Arvindh's Dental Clinic (Chennai) shows a concrete digital gap: HTTP-only site — likely dated UX/mobile experience A focused build could turn existing demand into booked enquiries without extra ad spend.,BUSINESS_OPPORTUNITY,MEDIUM,0,WEBSITE_REDESIGN,,,,,,,,,,,+919840441007,+919840441007,,,,,GOOGLE_MAPS,http://www.arvindhsdental.com/,,
Dr. Kennedy's Diagnostic Labs & Scans Center In Velachery | MRI Scans in Chennai,Medical Lab,Medical Lab,,Chennai,Tamil Nadu,India,"No. 7, Vadivelan Nagar, Velachery Main Rd, State of Tamil Nādu 600042, IN","Velachery, Chennai",,http://drkennedydiagnostics.com/,,NEW,74,HTTP-only site — likely dated UX/mobile experience,HTTP-only site — likely dated UX/mobile experience,"Website redesign with mobile-first UX, faster load, and clear CTAs.","Website redesign with mobile-first UX, faster load, and clear CTAs.",Website redesign + enquiry/booking flow,You already have demand in Chennai — a focused site with clear CTAs could convert more enquiries without extra ad spend.,WEBSITE,Website redesign + enquiry/booking flow,Dr. Kennedy's Diagnostic Labs & Scans Center In Velachery | MRI Scans in Chennai (Chennai) shows a concrete digital gap: HTTP-only site — likely dated UX/mobile experience A focused build could turn existing demand into booked enquiries without extra ad spend.,BUSINESS_OPPORTUNITY,MEDIUM,0,WEBSITE_REDESIGN,,,,,,,,,,,+914422443366,+914422443366,,,,,GOOGLE_MAPS,http://drkennedydiagnostics.com/,,
Midas Touch Forex & Travels,Travel Agency,Travel Agency,,Chennai,Tamil Nadu,India,"No.42/4, 1st Floor Shanthi Nikedhan Colony, Anna Nagar West Extension, Before HP Petrol Station, opp. BNR Apartments, State of Tamil Nādu 600101, IN","Anna Nagar, Chennai",,http://www.midastouch.org.in/,,NEW,74,HTTP-only site — likely dated UX/mobile experience,HTTP-only site — likely dated UX/mobile experience,"Website redesign with mobile-first UX, faster load, and clear CTAs.","Website redesign with mobile-first UX, faster load, and clear CTAs.",Website redesign + enquiry/booking flow,You already have demand in Chennai — a focused site with clear CTAs could convert more enquiries without extra ad spend.,WEBSITE,Website redesign + enquiry/booking flow,Midas Touch Forex & Travels (Chennai) shows a concrete digital gap: HTTP-only site — likely dated UX/mobile experience A focused build could turn existing demand into booked enquiries without extra ad spend.,BUSINESS_OPPORTUNITY,MEDIUM,0,WEBSITE_REDESIGN,,,,,,,,,,,+919884879584,+919884879584,,,,,GOOGLE_MAPS,http://www.midastouch.org.in/,,
Srivi Dental Care Clinic & Implant Centre In Adyar,Dentist,Dentist,,Chennai,Tamil Nadu,India,"160/56, Dr Muthu Lakshmi Rd, State of Tamil Nādu 600020, IN",Chennai,,http://srividentalcare.in/,,NEW,74,HTTP-only site — likely dated UX/mobile experience,HTTP-only site — likely dated UX/mobile experience,"Website redesign with mobile-first UX, faster load, and clear CTAs.","Website redesign with mobile-first UX, faster load, and clear CTAs.",Website redesign + enquiry/booking flow,You already have demand in Chennai — a focused site with clear CTAs could convert more enquiries without extra ad spend.,WEBSITE,Website redesign + enquiry/booking flow,Srivi Dental Care Clinic & Implant Centre In Adyar (Chennai) shows a concrete digital gap: HTTP-only site — likely dated UX/mobile experience A focused build could turn existing demand into booked enquiries without extra ad spend.,BUSINESS_OPPORTUNITY,MEDIUM,0,WEBSITE_REDESIGN,,,,,,,,,,,+917708258668,+917708258668,,,,,GOOGLE_MAPS,http://srividentalcare.in/,,
TamilNadu Routes,Travel Agency,Travel Agency,,Chennai,Tamil Nadu,India,"29, 1st Floor, Annanagar Plaza, C47, 2nd Ave, State of Tamil Nādu 600040, IN",Chennai,,http://www.tamilnaduroutes.in/,,NEW,74,HTTP-only site — likely dated UX/mobile experience,HTTP-only site — likely dated UX/mobile experience,"Website redesign with mobile-first UX, faster load, and clear CTAs.","Website redesign with mobile-first UX, faster load, and clear CTAs.",Website redesign + enquiry/booking flow,You already have demand in Chennai — a focused site with clear CTAs could convert more enquiries without extra ad spend.,WEBSITE,Website redesign + enquiry/booking flow,TamilNadu Routes (Chennai) shows a concrete digital gap: HTTP-only site — likely dated UX/mobile experience A focused build could turn existing demand into booked enquiries without extra ad spend.,BUSINESS_OPPORTUNITY,MEDIUM,0,WEBSITE_REDESIGN,,,,,,,,,,,+914449539484,+914449539484,,,,,GOOGLE_MAPS,http://www.tamilnaduroutes.in/,,
Brights PG / Hostel,PG / Hostel,PG / Hostel,,Chennai,Tamil Nadu,India,"AP-53, 5th Street, L Block, 12th Main Rd, Anna Nagar","Chennai, Tamil Nadu",,https://brightspg.com/,,NEW,73,PG/hostel — booking/enquiry systems are often manual,Booking relies on forms; no unified tenant portal or enquiry CRM,"PG listing site with room availability, enquiry CRM, and tenant onboarding.","PG listing site with room availability, enquiry CRM, and tenant onboarding.",Website redesign + enquiry/booking flow,You already have demand in Chennai — a focused site with clear CTAs could convert more enquiries without extra ad spend.,WEB_APPLICATION,Website redesign + enquiry/booking flow,Brights PG / Hostel (Chennai) shows a concrete digital gap: Booking relies on forms; no unified tenant portal or enquiry CRM A focused build could turn existing demand into booked enquiries without extra ad spend.,BUSINESS_OPPORTUNITY,LOW,0,BUSINESS_WEB_APP,,,,,,,,,,,+918838788921,+918838788921,brightshostels@gmail.com,,,,WEBSITE,https://brightspg.com/,,
Pentos Womens Hostel,,PG / Hostel,,Chennai,Tamil Nadu,India,"1266, 32nd St, Anna Nagar West, I Block","Chennai, Tamil Nadu",,https://pentoswomenspg.com/,,NEW,73,PG/hostel — booking/enquiry systems are often manual,PG site — room availability/tenant enquiry workflow can be streamlined,"PG listing site with room availability, enquiry CRM, and tenant onboarding.","PG listing site with room availability, enquiry CRM, and tenant onboarding.",Website redesign + enquiry/booking flow,You already have demand in Chennai — a focused site with clear CTAs could convert more enquiries without extra ad spend.,WEB_APPLICATION,Website redesign + enquiry/booking flow,Pentos Womens Hostel (Chennai) shows a concrete digital gap: PG site — room availability/tenant enquiry workflow can be streamlined A focused build could turn existing demand into booked enquiries without extra ad spend.,BUSINESS_OPPORTUNITY,LOW,0,BUSINESS_WEB_APP,,,,,,,,,,,+919342757797,+919342757797,pentoswomenspg@gmail.com,,,,WEBSITE,https://pentoswomenspg.com/,,
SS Ladies Hostel,,PG / Hostel,,Chennai,Tamil Nadu,India,"No. 41, Z Block, 9th Street, 5th Avenue, Anna Nagar West","Chennai, Tamil Nadu",,https://ssladieshostel.com/,,NEW,73,PG/hostel — booking/enquiry systems are often manual,PG/hostel — booking/enquiry systems are often manual,"PG listing site with room availability, enquiry CRM, and tenant onboarding.","PG listing site with room availability, enquiry CRM, and tenant onboarding.",Website redesign + enquiry/booking flow,You already have demand in Chennai — a focused site with clear CTAs could convert more enquiries without extra ad spend.,,Website redesign + enquiry/booking flow,SS Ladies Hostel (Chennai) shows a concrete digital gap: PG/hostel — booking/enquiry systems are often manual A focused build could turn existing demand into booked enquiries without extra ad spend.,BUSINESS_OPPORTUNITY,LOW,0,BUSINESS_WEB_APP,,,,,,,,,,,+918428982448,+918428982448,enquiry@ssladieshostel.com,,,,WEBSITE,https://ssladieshostel.com/,,
T Stays Anna Nagar,,PG / Hostel,,Chennai,Tamil Nadu,India,"No-1545/C, Nithya Flats, Ram Nagar, Anna Nagar West","Chennai, Tamil Nadu",,https://www.tstays.in/mens-pg-anna-nagar/,,NEW,73,PG/hostel — booking/enquiry systems are often manual,PG/hostel — booking/enquiry systems are often manual,"PG listing site with room availability, enquiry CRM, and tenant onboarding.","PG listing site with room availability, enquiry CRM, and tenant onboarding.",Website redesign + enquiry/booking flow,You already have demand in Chennai — a focused site with clear CTAs could convert more enquiries without extra ad spend.,,Website redesign + enquiry/booking flow,T Stays Anna Nagar (Chennai) shows a concrete digital gap: PG/hostel — booking/enquiry systems are often manual A focused build could turn existing demand into booked enquiries without extra ad spend.,BUSINESS_OPPORTUNITY,LOW,0,BUSINESS_WEB_APP,,,,,,,,,,,+919500050893,+919500050893,thirumalastays@gmail.com,,,,WEBSITE,https://www.tstays.in/,,
Aki Event Management,,Event Management,,Chennai,Tamil Nadu,India,"40/73 W Madha Church St, Royapuram","Chennai, Tamil Nadu",,https://www.akievents.com/,,NEW,69,Events — portfolio and enquiry funnels drive bookings,Events — portfolio and enquiry funnels drive bookings,"Modern business website with clear service pages, enquiry form, and WhatsApp handoff.","Modern business website with clear service pages, enquiry form, and WhatsApp handoff.",Website redesign + enquiry/booking flow,You already have demand in Chennai — a focused site with clear CTAs could convert more enquiries without extra ad spend.,,Website redesign + enquiry/booking flow,Aki Event Management (Chennai) shows a concrete digital gap: Events — portfolio and enquiry funnels drive bookings A focused build could turn existing demand into booked enquiries without extra ad spend.,BUSINESS_OPPORTUNITY,LOW,0,BUSINESS_WEBSITE,,,,,,,,,,,+919344395663,+919344395663,akieventmanagement@gmail.com,,,,WEBSITE,https://www.akievents.com/,,
Chennai Event Management Service,,Event Management,,Chennai,Tamil Nadu,India,"No.4, 2nd Street, Thangam Colony, Anna Nagar West","Chennai, Tamil Nadu",,https://www.chennaieventmanagementservice.com/,,NEW,69,Events — portfolio and enquiry funnels drive bookings,Events — portfolio and enquiry funnels drive bookings,"Modern business website with clear service pages, enquiry form, and WhatsApp handoff.","Modern business website with clear service pages, enquiry form, and WhatsApp handoff.",Website redesign + enquiry/booking flow,You already have demand in Chennai — a focused site with clear CTAs could convert more enquiries without extra ad spend.,WEBSITE_REDESIGN,Website redesign + enquiry/booking flow,Chennai Event Management Service (Chennai) shows a concrete digital gap: Events — portfolio and enquiry funnels drive bookings A focused build could turn existing demand into booked enquiries without extra ad spend.,BUSINESS_OPPORTUNITY,LOW,0,BUSINESS_WEBSITE,,,,,,,,,,,+919841435108,+919841435108,info@chennaieventmanagementservice.com,,,,WEBSITE,https://www.chennaieventmanagementservice.com/wedding-management-planner,,
Pranaya Weddings,,Wedding Planning,,Chennai,Tamil Nadu,India,Kottivakkam,"Chennai, Tamil Nadu",,https://www.pranayaweddings.com/,,NEW,69,Events — portfolio and enquiry funnels drive bookings,Events — portfolio and enquiry funnels drive bookings,"Modern business website with clear service pages, enquiry form, and WhatsApp handoff.","Modern business website with clear service pages, enquiry form, and WhatsApp handoff.",Website redesign + enquiry/booking flow,You already have demand in Chennai — a focused site with clear CTAs could convert more enquiries without extra ad spend.,,Website redesign + enquiry/booking flow,Pranaya Weddings (Chennai) shows a concrete digital gap: Events — portfolio and enquiry funnels drive bookings A focused build could turn existing demand into booked enquiries without extra ad spend.,BUSINESS_OPPORTUNITY,LOW,0,BUSINESS_WEBSITE,,,,,,,,,,,+919841079573,+919841079573,sriram.kalyanasundaram@gmail.com,,,,WEBSITE,https://www.pranayaweddings.com/,,
Vinayaka Weddings & Events,,Wedding Planning,,Chennai,Tamil Nadu,India,"297/206 NSK Salai, Kodambakkam","Chennai, Tamil Nadu",,https://vinayakaweddingsandevents.com/,,NEW,69,Events — portfolio and enquiry funnels drive bookings,Events — portfolio and enquiry funnels drive bookings,"Modern business website with clear service pages, enquiry form, and WhatsApp handoff.","Modern business website with clear service pages, enquiry form, and WhatsApp handoff.",Website redesign + enquiry/booking flow,You already have demand in Chennai — a focused site with clear CTAs could convert more enquiries without extra ad spend.,,Website redesign + enquiry/booking flow,Vinayaka Weddings & Events (Chennai) shows a concrete digital gap: Events — portfolio and enquiry funnels drive bookings A focused build could turn existing demand into booked enquiries without extra ad spend.,BUSINESS_OPPORTUNITY,LOW,0,BUSINESS_WEBSITE,,,,,,,,,,,+919789479607,+919789479607,vinayakaweddingsandevents@gmail.com,,,,WEBSITE,https://vinayakaweddingsandevents.com/,,
Wedding Aaha,,Wedding Planning,,Chennai,Tamil Nadu,India,"A5 Ganesh Apartments, N Mada St, Mylapore","Chennai, Tamil Nadu",,https://www.weddingaaha.com/,,NEW,69,Events — portfolio and enquiry funnels drive bookings,Events — portfolio and enquiry funnels drive bookings,"Modern business website with clear service pages, enquiry form, and WhatsApp handoff.","Modern business website with clear service pages, enquiry form, and WhatsApp handoff.",Website redesign + enquiry/booking flow,You already have demand in Chennai — a focused site with clear CTAs could convert more enquiries without extra ad spend.,,Website redesign + enquiry/booking flow,Wedding Aaha (Chennai) shows a concrete digital gap: Events — portfolio and enquiry funnels drive bookings A focused build could turn existing demand into booked enquiries without extra ad spend.,BUSINESS_OPPORTUNITY,LOW,0,BUSINESS_WEBSITE,,,,,,,,,,,+919940662455,+919940662455,info@weddingaaha.com,,,,WEBSITE,https://www.weddingaaha.com/,,
Homespot Interiors,Interior Designer,Interior Designer,,Chennai,Tamil Nadu,India,"No. 251, Homespot interiors, Kambar St, State of Tamil Nādu 600091, IN",Chennai,,https://www.homespotinteriors.in/,,NEW,66,Interior — portfolio and lead funnel drive projects,Interior — portfolio and lead funnel drive projects,"Portfolio website with project galleries, testimonials, and structured enquiry funnel.","Portfolio website with project galleries, testimonials, and structured enquiry funnel.",Website redesign + enquiry/booking flow,You already have demand in Chennai — a focused site with clear CTAs could convert more enquiries without extra ad spend.,WEBSITE,Website redesign + enquiry/booking flow,Homespot Interiors (Chennai) shows a concrete digital gap: Interior — portfolio and lead funnel drive projects A focused build could turn existing demand into booked enquiries without extra ad spend.,BUSINESS_OPPORTUNITY,LOW,0,WEBSITE_REDESIGN,,,,,,,,,,,+918220200270,+918220200270,,,,,GOOGLE_MAPS,https://www.homespotinteriors.in/,,
Make My Home Chennai | Interior Design | Architecture | Modular Furnishings,Interior Designer,Interior Designer,,Chennai,Tamil Nadu,India,"9/5, Mount Poonamallee high road, Porur, next to V7 Hotel, State of Tamil Nādu 600116, IN","Porur, Chennai",,https://www.make-myhome.com/,,NEW,66,Interior — portfolio and lead funnel drive projects,Interior — portfolio and lead funnel drive projects,"Portfolio website with project galleries, testimonials, and structured enquiry funnel.","Portfolio website with project galleries, testimonials, and structured enquiry funnel.",Website redesign + enquiry/booking flow,You already have demand in Chennai — a focused site with clear CTAs could convert more enquiries without extra ad spend.,WEBSITE,Website redesign + enquiry/booking flow,Make My Home Chennai | Interior Design | Architecture | Modular Furnishings (Chennai) shows a concrete digital gap: Interior — portfolio and lead funnel drive projects A focused build could turn existing demand into booked enquiries without extra ad spend.,BUSINESS_OPPORTUNITY,LOW,0,WEBSITE_REDESIGN,,,,,,,,,,,+918248656771,+918248656771,,,,,GOOGLE_MAPS,https://www.make-myhome.com/,,
Miracle Interiors Chennai,Interior Designer,Interior Designer,,Chennai,Tamil Nadu,India,"161, Alapakkam Main Rd, State of Tamil Nādu 600095, IN",Chennai,,https://miracleinteriorschennai.com/,,NEW,66,Interior — portfolio and lead funnel drive projects,Interior — portfolio and lead funnel drive projects,"Portfolio website with project galleries, testimonials, and structured enquiry funnel.","Portfolio website with project galleries, testimonials, and structured enquiry funnel.",Website redesign + enquiry/booking flow,You already have demand in Chennai — a focused site with clear CTAs could convert more enquiries without extra ad spend.,WEBSITE,Website redesign + enquiry/booking flow,Miracle Interiors Chennai (Chennai) shows a concrete digital gap: Interior — portfolio and lead funnel drive projects A focused build could turn existing demand into booked enquiries without extra ad spend.,BUSINESS_OPPORTUNITY,LOW,0,WEBSITE_REDESIGN,,,,,,,,,,,+919790990250,+919790990250,,,,,GOOGLE_MAPS,https://miracleinteriorschennai.com/,,
OMR Home Interiors,Interior Designer,Interior Designer,,Chennai,Tamil Nadu,India,"1st Floor, 38/103, Rajiv Gandhi Salai, opp. AKDR Golf Village, next to City Union Bank, State of Tamil Nādu 600096, IN",Chennai,,https://omrhomes.com/,,NEW,66,Interior — portfolio and lead funnel drive projects,Interior — portfolio and lead funnel drive projects,"Portfolio website with project galleries, testimonials, and structured enquiry funnel.","Portfolio website with project galleries, testimonials, and structured enquiry funnel.",Website redesign + enquiry/booking flow,You already have demand in Chennai — a focused site with clear CTAs could convert more enquiries without extra ad spend.,WEBSITE,Website redesign + enquiry/booking flow,OMR Home Interiors (Chennai) shows a concrete digital gap: Interior — portfolio and lead funnel drive projects A focused build could turn existing demand into booked enquiries without extra ad spend.,BUSINESS_OPPORTUNITY,LOW,0,WEBSITE_REDESIGN,,,,,,,,,,,+919600005679,+919600005679,enquiry@omrhomes.com,,,,GOOGLE_MAPS,https://omrhomes.com/,,
OMR INTERIORS,Interior Designer,Interior Designer,,Chennai,Tamil Nadu,India,"OZONE GREENS PHASE-2, F2-308, State of Tamil Nādu 600100, IN",Chennai,,https://omrinteriors.in/,,NEW,66,Interior — portfolio and lead funnel drive projects,Interior — portfolio and lead funnel drive projects,"Portfolio website with project galleries, testimonials, and structured enquiry funnel.","Portfolio website with project galleries, testimonials, and structured enquiry funnel.",Website redesign + enquiry/booking flow,You already have demand in Chennai — a focused site with clear CTAs could convert more enquiries without extra ad spend.,WEBSITE,Website redesign + enquiry/booking flow,OMR INTERIORS (Chennai) shows a concrete digital gap: Interior — portfolio and lead funnel drive projects A focused build could turn existing demand into booked enquiries without extra ad spend.,BUSINESS_OPPORTUNITY,LOW,0,WEBSITE_REDESIGN,,,,,,,,,,,+919841650973,+919841650973,,,,,GOOGLE_MAPS,https://omrinteriors.in/,,
Om Sai Property Consultant,,Real Estate,,Chennai,Tamil Nadu,India,,OMR Navallur,,https://omsaipropertyconsultant.in/,,NEW,66,Real estate — lead capture and listing UX matter,Real estate — lead capture and listing UX matter,"Property listing site with filters, map, and lead capture integrated to CRM.","Property listing site with filters, map, and lead capture integrated to CRM.",Website redesign + enquiry/booking flow,You already have demand in Chennai — a focused site with clear CTAs could convert more enquiries without extra ad spend.,,Website redesign + enquiry/booking flow,Om Sai Property Consultant (Chennai) shows a concrete digital gap: Real estate — lead capture and listing UX matter A focused build could turn existing demand into booked enquiries without extra ad spend.,BUSINESS_OPPORTUNITY,LOW,0,BUSINESS_WEBSITE,,,,,,,,,,,+919790773686,+919790773686,,,,,WEBSITE,https://omsaipropertyconsultant.in/,,
Vikash Interior & Design,Interior Designer,Interior Designer,,Chennai,Tamil Nadu,India,"5th Block, 5\179, TNHB, State of Tamil Nādu 600095, IN",Chennai,,https://www.instagram.com/vikash.interior.design/,,NEW,66,Interior — portfolio and lead funnel drive projects,Interior — portfolio and lead funnel drive projects,"Portfolio website with project galleries, testimonials, and structured enquiry funnel.","Portfolio website with project galleries, testimonials, and structured enquiry funnel.",Website redesign + enquiry/booking flow,You already have demand in Chennai — a focused site with clear CTAs could convert more enquiries without extra ad spend.,WEBSITE,Website redesign + enquiry/booking flow,Vikash Interior & Design (Chennai) shows a concrete digital gap: Interior — portfolio and lead funnel drive projects A focused build could turn existing demand into booked enquiries without extra ad spend.,BUSINESS_OPPORTUNITY,LOW,0,WEBSITE_REDESIGN,,,,,,,,,,,+919575744066,+919575744066,,,,,GOOGLE_MAPS,https://www.instagram.com/vikash.interior.design/,,
KGS Private Limited,,Corporate / Investment,,Chennai,Tamil Nadu,India,,"Chennai, Tamil Nadu",,,,NEW,65,,Company publicly soliciting a developer/agency for a new corporate website with CMS and integrations.,"New business website with service pages, portfolio, enquiry form and WhatsApp integration.","New business website with service pages, portfolio, enquiry form and WhatsApp integration.",New business website,,WEBSITE,New business website,"Public LinkedIn post (2026-07-20) states an explicit development requirement: Corporate website with CMS, SEO, WhatsApp/contact forms, SSL, Google Maps — budget ₹30,000, 2–3 weeks.",ACTIVE_DEMAND,HIGH,50,SMALL_WEBSITE,2026-07-20T00:00:00.000Z,https://www.linkedin.com/posts/navaneetha-krishifinvest_hiring-websitedeveloper-webdevelopment-activity-7484856512205479936-ze5L,LinkedIn,Navaneetha / KGS Private Limited,,KGS Private Limited is looking for a Website Developer or agency to build their official corporate website.,"Corporate website with CMS, SEO, WhatsApp/contact forms, SSL, Google Maps — budget ₹30,000, 2–3 weeks.",,,,+917092328577,+917092328577,,,,,LINKEDIN,https://www.linkedin.com/posts/navaneetha-krishifinvest_hiring-websitedeveloper-webdevelopment-activity-7484856512205479936-ze5L,,
D Salon Kilpauk,Health and Beauty Service,Health and Beauty Service,,Chennai,Tamil Nadu,India,"472/21, New Tone Building, Kilpauk Garden Road, State of Tamil Nādu 600010, IN","Kilpauk, Chennai",,https://dsalon.live/,,NEW,64,Salon/spa — online booking lifts conversions,Salon/spa — online booking lifts conversions,"Modern business website with clear service pages, enquiry form, and WhatsApp handoff.","Modern business website with clear service pages, enquiry form, and WhatsApp handoff.",Website redesign + enquiry/booking flow,You already have demand in Chennai — a focused site with clear CTAs could convert more enquiries without extra ad spend.,WEBSITE,Website redesign + enquiry/booking flow,D Salon Kilpauk (Chennai) shows a concrete digital gap: Salon/spa — online booking lifts conversions A focused build could turn existing demand into booked enquiries without extra ad spend.,BUSINESS_OPPORTUNITY,LOW,0,BUSINESS_WEBSITE,,,,,,,,,,,+918056244757,+918056244757,,,,,GOOGLE_MAPS,https://dsalon.live/,,
Dr Radha's Dental and Advanced Aesthetic Center,Health and Beauty Service,Health and Beauty Service,,Chennai,Tamil Nadu,India,"1st Floor, No. AG-7/15, 4th Ave, State of Tamil Nādu 600040, IN",Chennai,,https://drradhas.com/,,NEW,64,Salon/spa — online booking lifts conversions,Salon/spa — online booking lifts conversions,"Modern business website with clear service pages, enquiry form, and WhatsApp handoff.","Modern business website with clear service pages, enquiry form, and WhatsApp handoff.",Website redesign + enquiry/booking flow,You already have demand in Chennai — a focused site with clear CTAs could convert more enquiries without extra ad spend.,WEBSITE,Website redesign + enquiry/booking flow,Dr Radha's Dental and Advanced Aesthetic Center (Chennai) shows a concrete digital gap: Salon/spa — online booking lifts conversions A focused build could turn existing demand into booked enquiries without extra ad spend.,BUSINESS_OPPORTUNITY,LOW,0,BUSINESS_WEBSITE,,,,,,,,,,,+919043938049,+919043938049,,,,,GOOGLE_MAPS,https://drradhas.com/,,
Feathers Beauty Saloon,Health and Beauty Service,Health and Beauty Service,,Chennai,Tamil Nadu,India,"No 65B, M Block 8th St, State of Tamil Nādu 600040, IN",Chennai,,https://www.feathersbeautysalon.com/,,NEW,64,Salon/spa — online booking lifts conversions,Salon/spa — online booking lifts conversions,"Modern business website with clear service pages, enquiry form, and WhatsApp handoff.","Modern business website with clear service pages, enquiry form, and WhatsApp handoff.",Website redesign + enquiry/booking flow,You already have demand in Chennai — a focused site with clear CTAs could convert more enquiries without extra ad spend.,WEBSITE,Website redesign + enquiry/booking flow,Feathers Beauty Saloon (Chennai) shows a concrete digital gap: Salon/spa — online booking lifts conversions A focused build could turn existing demand into booked enquiries without extra ad spend.,BUSINESS_OPPORTUNITY,LOW,0,BUSINESS_WEBSITE,,,,,,,,,,,+919884477554,+919884477554,,,,,GOOGLE_MAPS,https://www.feathersbeautysalon.com/,,
Kun Hyundai Ambattur,Automotive Repair Shop,Automotive Repair Shop,,Chennai,Tamil Nadu,India,"22 & 23, Kunal Complex, State of Tamil Nādu 600058, IN",Chennai,,https://www.kunhyundai.com/ambattur-2/,,NEW,64,Auto workshop — booking/tracking sites convert walk-ins,Auto workshop — booking/tracking sites convert walk-ins,"Modern business website with clear service pages, enquiry form, and WhatsApp handoff.","Modern business website with clear service pages, enquiry form, and WhatsApp handoff.",Website redesign + enquiry/booking flow,You already have demand in Chennai — a focused site with clear CTAs could convert more enquiries without extra ad spend.,WEBSITE,Website redesign + enquiry/booking flow,Kun Hyundai Ambattur (Chennai) shows a concrete digital gap: Auto workshop — booking/tracking sites convert walk-ins A focused build could turn existing demand into booked enquiries without extra ad spend.,BUSINESS_OPPORTUNITY,LOW,0,BUSINESS_WEBSITE,,,,,,,,,,,+919840433440,+919840433440,,,,,GOOGLE_MAPS,https://www.kunhyundai.com/ambattur-2/,,
Let's Transform Salon,Health and Beauty Service,Health and Beauty Service,,Chennai,Tamil Nadu,India,"153, 1st floor, 6th Main Rd, State of Tamil Nādu 600040, IN",Chennai,,https://letstransformsalon.com/best-salon-in-anna-nagar-chennai/,,NEW,64,Salon/spa — online booking lifts conversions,Salon/spa — online booking lifts conversions,"Modern business website with clear service pages, enquiry form, and WhatsApp handoff.","Modern business website with clear service pages, enquiry form, and WhatsApp handoff.",Website redesign + enquiry/booking flow,You already have demand in Chennai — a focused site with clear CTAs could convert more enquiries without extra ad spend.,WEBSITE,Website redesign + enquiry/booking flow,Let's Transform Salon (Chennai) shows a concrete digital gap: Salon/spa — online booking lifts conversions A focused build could turn existing demand into booked enquiries without extra ad spend.,BUSINESS_OPPORTUNITY,LOW,0,BUSINESS_WEBSITE,,,,,,,,,,,+919790700699,+919790700699,,,,,GOOGLE_MAPS,https://letstransformsalon.com/best-salon-in-anna-nagar-chennai/,,
MAHA Family Salon - Anna Nagar,Health and Beauty Service,Health and Beauty Service,,Chennai,Tamil Nadu,India,"First Floor, W111, 3rd Ave, State of Tamil Nādu 600040, IN",Chennai,,https://www.mahasalon.com/yolo.html,,NEW,64,Salon/spa — online booking lifts conversions,Salon/spa — online booking lifts conversions,"Modern business website with clear service pages, enquiry form, and WhatsApp handoff.","Modern business website with clear service pages, enquiry form, and WhatsApp handoff.",Website redesign + enquiry/booking flow,You already have demand in Chennai — a focused site with clear CTAs could convert more enquiries without extra ad spend.,WEBSITE,Website redesign + enquiry/booking flow,MAHA Family Salon - Anna Nagar (Chennai) shows a concrete digital gap: Salon/spa — online booking lifts conversions A focused build could turn existing demand into booked enquiries without extra ad spend.,BUSINESS_OPPORTUNITY,LOW,0,BUSINESS_WEBSITE,,,,,,,,,,,+919600000852,+919600000852,,,,,GOOGLE_MAPS,https://www.mahasalon.com/yolo.html,,
Mahindra Khivrajkamal Workshop - Ambattur,Automotive Repair Shop,Automotive Repair Shop,,Chennai,Tamil Nadu,India,"73/D/12A, Ambattur Industrial Estate Rd, State of Tamil Nādu 600058, IN","Ambattur, Chennai",,https://khivrajkamalmahindra.com/,,NEW,64,Auto workshop — booking/tracking sites convert walk-ins,Auto workshop — booking/tracking sites convert walk-ins,"Modern business website with clear service pages, enquiry form, and WhatsApp handoff.","Modern business website with clear service pages, enquiry form, and WhatsApp handoff.",Website redesign + enquiry/booking flow,You already have demand in Chennai — a focused site with clear CTAs could convert more enquiries without extra ad spend.,WEBSITE,Website redesign + enquiry/booking flow,Mahindra Khivrajkamal Workshop - Ambattur (Chennai) shows a concrete digital gap: Auto workshop — booking/tracking sites convert walk-ins A focused build could turn existing demand into booked enquiries without extra ad spend.,BUSINESS_OPPORTUNITY,LOW,0,BUSINESS_WEBSITE,,,,,,,,,,,+916384000220,+916384000220,,,,,GOOGLE_MAPS,https://khivrajkamalmahindra.com/,,
Maruti Suzuki Service (CRESCO),Automotive Repair Shop,Automotive Repair Shop,,Chennai,Tamil Nadu,India,"No: G30, 3rd Main Rd, State of Tamil Nādu 600058, IN",Chennai,,https://www.arenaofkilpauk.com/maruti-suzuki-service,,NEW,64,Auto workshop — booking/tracking sites convert walk-ins,Auto workshop — booking/tracking sites convert walk-ins,"Modern business website with clear service pages, enquiry form, and WhatsApp handoff.","Modern business website with clear service pages, enquiry form, and WhatsApp handoff.",Website redesign + enquiry/booking flow,You already have demand in Chennai — a focused site with clear CTAs could convert more enquiries without extra ad spend.,WEBSITE,Website redesign + enquiry/booking flow,Maruti Suzuki Service (CRESCO) (Chennai) shows a concrete digital gap: Auto workshop — booking/tracking sites convert walk-ins A focused build could turn existing demand into booked enquiries without extra ad spend.,BUSINESS_OPPORTUNITY,LOW,0,BUSINESS_WEBSITE,,,,,,,,,,,+918071648266,+918071648266,,,,,GOOGLE_MAPS,https://www.arenaofkilpauk.com/maruti-suzuki-service,,
Page 3 Luxury Salon & Makeover Studio,Hair Salon,Hair Salon,,Chennai,Tamil Nadu,India,"Shop No S/27, 2nd Floor, VR Mall,100 Feet Road, Anna Nagar, State of Tamil Nādu 600040, IN","Anna Nagar, Chennai",,https://locations.page3salon.com/page-3-luxury-salon-makeover-studio-beauty-salons-thirumangalam-chennai-397061/Home,,NEW,64,Salon/spa — online booking lifts conversions,Salon/spa — online booking lifts conversions,"Modern business website with clear service pages, enquiry form, and WhatsApp handoff.","Modern business website with clear service pages, enquiry form, and WhatsApp handoff.",Website redesign + enquiry/booking flow,You already have demand in Chennai — a focused site with clear CTAs could convert more enquiries without extra ad spend.,WEBSITE,Website redesign + enquiry/booking flow,Page 3 Luxury Salon & Makeover Studio (Chennai) shows a concrete digital gap: Salon/spa — online booking lifts conversions A focused build could turn existing demand into booked enquiries without extra ad spend.,BUSINESS_OPPORTUNITY,LOW,0,BUSINESS_WEBSITE,,,,,,,,,,,+919600485499,+919600485499,,,,,GOOGLE_MAPS,https://locations.page3salon.com/page-3-luxury-salon-makeover-studio-beauty-salons-thirumangalam-chennai-397061/Home,,
"VLCC BEAUTY CLINIC ( Annanagar, Chennai )",Retail,Retail,,Chennai,Tamil Nadu,India,"Plot No. 3792, Old No. 89, New No. 12 Q Block, 4th Main Rd, State of Tamil Nādu 600040, IN",Chennai,,https://vlcc.in/clinics/beauty-wellness-clinic-Chennai-Annanagar/35,,NEW,64,Salon/spa — online booking lifts conversions,Salon/spa — online booking lifts conversions,"Modern business website with clear service pages, enquiry form, and WhatsApp handoff.","Modern business website with clear service pages, enquiry form, and WhatsApp handoff.",Website redesign + enquiry/booking flow,You already have demand in Chennai — a focused site with clear CTAs could convert more enquiries without extra ad spend.,WEBSITE,Website redesign + enquiry/booking flow,"VLCC BEAUTY CLINIC ( Annanagar, Chennai ) (Chennai) shows a concrete digital gap: Salon/spa — online booking lifts conversions A focused build could turn existing demand into booked enquiries without extra ad spend.",BUSINESS_OPPORTUNITY,LOW,0,BUSINESS_WEBSITE,,,,,,,,,,,+917669530563,+917669530563,,,,,GOOGLE_MAPS,https://vlcc.in/clinics/beauty-wellness-clinic-Chennai-Annanagar/35,,
YR Events,,Event Management,,Chennai,Tamil Nadu,India,"Old No 30, New No 55, Teachers Colony, Adyar",Adyar,,https://yrevents.co.in/,,NEW,64,Events — portfolio and enquiry funnels drive bookings,Events — portfolio and enquiry funnels drive bookings,"Modern business website with clear service pages, enquiry form, and WhatsApp handoff.","Modern business website with clear service pages, enquiry form, and WhatsApp handoff.",Website redesign + enquiry/booking flow,You already have demand in Chennai — a focused site with clear CTAs could convert more enquiries without extra ad spend.,,Website redesign + enquiry/booking flow,YR Events (Chennai) shows a concrete digital gap: Events — portfolio and enquiry funnels drive bookings A focused build could turn existing demand into booked enquiries without extra ad spend.,BUSINESS_OPPORTUNITY,LOW,0,BUSINESS_WEBSITE,,,,,,,,,,,+917358669965,+917358669965,,,,,WEBSITE,https://exa.ai/library/place/qwdbhbf4g7l,,
Zazzle Salon - Kilpauk,Health and Beauty Service,Health and Beauty Service,,Chennai,Tamil Nadu,India,"1st floor, 31, Balfour Road, opposite Icici Bank, State of Tamil Nādu 600010, IN",Chennai,,https://zazzlesalon.com/zazzle-branches/chennai/salon-in-kilpauk/,,NEW,64,Salon/spa — online booking lifts conversions,Salon/spa — online booking lifts conversions,"Modern business website with clear service pages, enquiry form, and WhatsApp handoff.","Modern business website with clear service pages, enquiry form, and WhatsApp handoff.",Website redesign + enquiry/booking flow,You already have demand in Chennai — a focused site with clear CTAs could convert more enquiries without extra ad spend.,WEBSITE,Website redesign + enquiry/booking flow,Zazzle Salon - Kilpauk (Chennai) shows a concrete digital gap: Salon/spa — online booking lifts conversions A focused build could turn existing demand into booked enquiries without extra ad spend.,BUSINESS_OPPORTUNITY,LOW,0,BUSINESS_WEBSITE,,,,,,,,,,,+919600136956,+919600136956,,,,,GOOGLE_MAPS,https://zazzlesalon.com/zazzle-branches/chennai/salon-in-kilpauk/,,
Burn Out Unisex Fitness Studio - Anna Nagar East,Gym,Gym,,Chennai,Tamil Nadu,India,"1420, 13th Main Rd, State of Tamil Nādu 600040, IN",Chennai,,https://burnoutfitnessstudio.com/,,NEW,62,,Visible room to improve digital lead capture,"Modern business website with clear service pages, enquiry form, and WhatsApp handoff.","Modern business website with clear service pages, enquiry form, and WhatsApp handoff.",Website redesign + enquiry/booking flow,You already have demand in Chennai — a focused site with clear CTAs could convert more enquiries without extra ad spend.,WEBSITE,Website redesign + enquiry/booking flow,Burn Out Unisex Fitness Studio - Anna Nagar West (Chennai) shows a concrete digital gap: Visible room to improve digital lead capture A focused build could turn existing demand into booked enquiries without extra ad spend.,BUSINESS_OPPORTUNITY,LOW,0,BUSINESS_WEBSITE,,,,,,,,,,,+917639344454,+917639344454,,,,,GOOGLE_MAPS,https://burnoutfitnessstudio.com/,,
Cult Anna Nagar - Gyms in Anna Nagar,Gym,Gym,,Chennai,Tamil Nadu,India,"3rd and 4th Floor, No 292, Z Block, 2nd Avenue, Anna Nagar Tower Metro, Anna Nagar, State of Tamil Nādu 600040, IN","Anna Nagar, Chennai",,https://www.cult.fit/cult/center/anna%20nagar/cult-anna-nagar/555,,NEW,62,,Visible room to improve digital lead capture,"Modern business website with clear service pages, enquiry form, and WhatsApp handoff.","Modern business website with clear service pages, enquiry form, and WhatsApp handoff.",Website redesign + enquiry/booking flow,You already have demand in Chennai — a focused site with clear CTAs could convert more enquiries without extra ad spend.,WEBSITE,Website redesign + enquiry/booking flow,Cult Anna Nagar - Gyms in Anna Nagar (Chennai) shows a concrete digital gap: Visible room to improve digital lead capture A focused build could turn existing demand into booked enquiries without extra ad spend.,BUSINESS_OPPORTUNITY,LOW,0,BUSINESS_WEBSITE,,,,,,,,,,,+917305946839,+917305946839,,,,,GOOGLE_MAPS,https://www.cult.fit/cult/center/anna%20nagar/cult-anna-nagar/555,,
Focus 313 Anna Nagar West,Gym,Gym,,Chennai,Tamil Nadu,India,"W673 Asid Colony Main Road, State of Tamil Nādu 600101, IN",Chennai,,https://focus313fitness.com/,,NEW,62,,Visible room to improve digital lead capture,"Modern business website with clear service pages, enquiry form, and WhatsApp handoff.","Modern business website with clear service pages, enquiry form, and WhatsApp handoff.",Website redesign + enquiry/booking flow,You already have demand in Chennai — a focused site with clear CTAs could convert more enquiries without extra ad spend.,WEBSITE,Website redesign + enquiry/booking flow,Focus 313 Anna Nagar West (Chennai) shows a concrete digital gap: Visible room to improve digital lead capture A focused build could turn existing demand into booked enquiries without extra ad spend.,BUSINESS_OPPORTUNITY,LOW,0,BUSINESS_WEBSITE,,,,,,,,,,,+919962737222,+919962737222,,,,,GOOGLE_MAPS,https://focus313fitness.com/,,
No1 Challenge Fitness Studio,,Gym,,Chennai,Tamil Nadu,India,"5058 G Block, 18th Street, Anna Nagar West","Chennai, Tamil Nadu",,https://www.no1challengefitnessstudio.com/,,NEW,62,,Visible room to improve digital lead capture,"Modern business website with clear service pages, enquiry form, and WhatsApp handoff.","Modern business website with clear service pages, enquiry form, and WhatsApp handoff.",Website redesign + enquiry/booking flow,You already have demand in Chennai — a focused site with clear CTAs could convert more enquiries without extra ad spend.,,Website redesign + enquiry/booking flow,No1 Challenge Fitness Studio (Chennai) shows a concrete digital gap: Visible room to improve digital lead capture A focused build could turn existing demand into booked enquiries without extra ad spend.,BUSINESS_OPPORTUNITY,LOW,0,BUSINESS_WEBSITE,,,,,,,,,,,+919840576888,+919840576888,,,,,WEBSITE,https://www.no1challengefitnessstudio.com/,,
Sen Fitness,Gym,Gym,,Chennai,Tamil Nadu,India,"3rd Floor, Jansons Towers, 2nd Ave, State of Tamil Nādu 600040, IN",Chennai,,https://senfitness.in/,,NEW,62,,Visible room to improve digital lead capture,"Modern business website with clear service pages, enquiry form, and WhatsApp handoff.","Modern business website with clear service pages, enquiry form, and WhatsApp handoff.",Website redesign + enquiry/booking flow,You already have demand in Chennai — a focused site with clear CTAs could convert more enquiries without extra ad spend.,WEBSITE,Website redesign + enquiry/booking flow,Sen Fitness (Chennai) shows a concrete digital gap: Visible room to improve digital lead capture A focused build could turn existing demand into booked enquiries without extra ad spend.,BUSINESS_OPPORTUNITY,LOW,0,BUSINESS_WEBSITE,,,,,,,,,,,+916232436232,+916232436232,,,,,GOOGLE_MAPS,https://senfitness.in/,,
Starrk Revolution - Best Premium Gym in Anna Nagar | Unisex Gym in Anna Nagar,Gym,Gym,,Chennai,Tamil Nadu,India,"108, 19th St, State of Tamil Nādu 600102, IN",Chennai,,https://starrkrevolution.com/,,NEW,62,,Visible room to improve digital lead capture,"Modern business website with clear service pages, enquiry form, and WhatsApp handoff.","Modern business website with clear service pages, enquiry form, and WhatsApp handoff.",Website redesign + enquiry/booking flow,You already have demand in Chennai — a focused site with clear CTAs could convert more enquiries without extra ad spend.,WEBSITE,Website redesign + enquiry/booking flow,Starrk Revolution - Best Premium Gym in Anna Nagar | Unisex Gym in Anna Nagar (Chennai) shows a concrete digital gap: Visible room to improve digital lead capture A focused build could turn existing demand into booked enquiries without extra ad spend.,BUSINESS_OPPORTUNITY,LOW,0,BUSINESS_WEBSITE,,,,,,,,,,,+919363833732,+919363833732,,,,,GOOGLE_MAPS,https://starrkrevolution.com/,,
VIVAFIT India Corporate Office,Gym,Gym,,Chennai,Tamil Nadu,India,"42/12, State of Tamil Nādu 600101, IN",Chennai,,https://vivafit.life/,,NEW,62,,Visible room to improve digital lead capture,"Modern business website with clear service pages, enquiry form, and WhatsApp handoff.","Modern business website with clear service pages, enquiry form, and WhatsApp handoff.",Website redesign + enquiry/booking flow,You already have demand in Chennai — a focused site with clear CTAs could convert more enquiries without extra ad spend.,WEBSITE,Website redesign + enquiry/booking flow,VIVAFIT India Corporate Office (Chennai) shows a concrete digital gap: Visible room to improve digital lead capture A focused build could turn existing demand into booked enquiries without extra ad spend.,BUSINESS_OPPORTUNITY,LOW,0,BUSINESS_WEBSITE,,,,,,,,,,,+919884519475,+919884519475,,,,,GOOGLE_MAPS,https://vivafit.life/,,
Vivafit,Gym,Gym,,Chennai,Tamil Nadu,India,"1st floor, Landmark : Above Inchins Hotel, 42/5, Anna Nagar W Ext Rd, State of Tamil Nādu 600101, IN","Anna Nagar, Chennai",,https://www.vivafit.in/,,NEW,62,,Visible room to improve digital lead capture,"Modern business website with clear service pages, enquiry form, and WhatsApp handoff.","Modern business website with clear service pages, enquiry form, and WhatsApp handoff.",Website redesign + enquiry/booking flow,You already have demand in Chennai — a focused site with clear CTAs could convert more enquiries without extra ad spend.,WEBSITE,Website redesign + enquiry/booking flow,Vivafit (Chennai) shows a concrete digital gap: Visible room to improve digital lead capture A focused build could turn existing demand into booked enquiries without extra ad spend.,BUSINESS_OPPORTUNITY,LOW,0,BUSINESS_WEBSITE,,,,,,,,,,,+918939860003,+918939860003,,,,,GOOGLE_MAPS,https://www.vivafit.in/,,
Anita Saree Boutique,,Fashion Boutique,,Chennai,Tamil Nadu,India,"66/A, Kilpauk Garden Road, Kilpauk","Chennai, Tamil Nadu",,https://www.anitasarees.in/,,NEW,61,,Visible room to improve digital lead capture,"Modern business website with clear service pages, enquiry form, and WhatsApp handoff.","Modern business website with clear service pages, enquiry form, and WhatsApp handoff.",Website redesign + enquiry/booking flow,You already have demand in Chennai — a focused site with clear CTAs could convert more enquiries without extra ad spend.,,Website redesign + enquiry/booking flow,Anita Saree Boutique (Chennai) shows a concrete digital gap: Visible room to improve digital lead capture A focused build could turn existing demand into booked enquiries without extra ad spend.,BUSINESS_OPPORTUNITY,LOW,0,BUSINESS_WEBSITE,,,,,,,,,,,+914426448172,+914426448172,sales@anitasarees.in,,,,WEBSITE,https://www.asklaila.com/listing/Chennai/kilpauk/anita-saree-boutique/00XR3Pkx/,,
GM Car A/C Service,,Automobile Service,,Chennai,Tamil Nadu,India,"12A, Gangai Amman Kovil Street, Kallikuppam",Ambattur / Kallikuppam,,https://gmcaracservice.com/,,NEW,61,,Visible room to improve digital lead capture,"Modern business website with clear service pages, enquiry form, and WhatsApp handoff.","Modern business website with clear service pages, enquiry form, and WhatsApp handoff.",Website redesign + enquiry/booking flow,You already have demand in Chennai — a focused site with clear CTAs could convert more enquiries without extra ad spend.,,Website redesign + enquiry/booking flow,GM Car A/C Service (Chennai) shows a concrete digital gap: Visible room to improve digital lead capture A focused build could turn existing demand into booked enquiries without extra ad spend.,BUSINESS_OPPORTUNITY,LOW,0,BUSINESS_WEBSITE,,,,,,,,,,,+918428000085,+918428000085,gmautocool@gmail.com,,,,WEBSITE,https://gmcaracservice.com/contact,,
DHI Creative Services,,Creative Services,,Chennai,Tamil Nadu,India,,"Chennai, Tamil Nadu",,,,NEW,35,,"Public post requesting quotations for a business website build (buyer, not job applicant).","New business website with service pages, portfolio, enquiry form and WhatsApp integration.","New business website with service pages, portfolio, enquiry form and WhatsApp integration.",New business website,,WEBSITE,New business website,Public LinkedIn post (2026-03-03) states an explicit development requirement: Freelance/project website: modern responsive SEO-friendly site with CMS and performance optimization.,ACTIVE_DEMAND,HIGH,20,SMALL_WEBSITE,2026-03-03T00:00:00.000Z,https://www.linkedin.com/posts/dhi-creative-services_hiring-websitedeveloper-chennaijobs-activity-7434493489003937793-gTDL,LinkedIn,DHI Creative Services,,Seeking a skilled Website Developer in Chennai to design and develop a professional company website.,Freelance/project website: modern responsive SEO-friendly site with CMS and performance optimization.,,,,,,selvaraj.veilumuthu@dhicreativeservices.com,,,,LINKEDIN,https://www.linkedin.com/posts/dhi-creative-services_hiring-websitedeveloper-chennaijobs-activity-7434493489003937793-gTDL,,
Chennai Outdoor Hoarding Inventory (premium sites),,Outdoor Advertising,,Chennai,Tamil Nadu,India,,Chennai & Tiruvallur,,,,NEW,25,,Inventory-heavy business publicly requesting a developer for a lead-generation website.,"New business website with service pages, portfolio, enquiry form and WhatsApp integration.","New business website with service pages, portfolio, enquiry form and WhatsApp integration.",New business website,,WEB_APPLICATION,New business website,"Public LinkedIn post (2026-06-07) states an explicit development requirement: Freelancer needed for hoarding inventory website: location pages, gallery, WhatsApp, enquiry forms, maps, SEO.",ACTIVE_DEMAND,HIGH,10,SMALL_WEBSITE,2026-06-07T00:00:00.000Z,https://www.linkedin.com/posts/thanigainathan-p-a57a65146_freelancedeveloper-websitedeveloper-wordpressdeveloper-activity-7469263849972465664-O-MW,LinkedIn,Thanigainathan P,,Premium outdoor advertising hoardings across Chennai & Tiruvallur — seeking freelancer for lead-generating business website.,"Freelancer needed for hoarding inventory website: location pages, gallery, WhatsApp, enquiry forms, maps, SEO.",,,,,,,,,,LINKEDIN,https://www.linkedin.com/posts/thanigainathan-p-a57a65146_freelancedeveloper-websitedeveloper-wordpressdeveloper-activity-7469263849972465664-O-MW,,